id,grocery,thumbnail,stock,price
1,Lamb Rack - Ontario,http://dummyimage.com/131x100.png/cc0000/ffffff,11,4
2,Island Oasis - Mango Daiquiri,http://dummyimage.com/132x100.png/ff4444/ffffff,72,4
3,Tomatoes - Roma,http://dummyimage.com/173x100.png/ff4444/ffffff,84,4
4,Calypso - Strawberry Lemonade,http://dummyimage.com/142x100.png/dddddd/000000,40,7
5,Pie Shells 10,http://dummyimage.com/185x100.png/dddddd/000000,9,12
6,"Yogurt - Banana, 175 Gr",http://dummyimage.com/171x100.png/cc0000/ffffff,11,5
7,Bar Mix - Lime,http://dummyimage.com/142x100.png/ff4444/ffffff,28,8
8,Milk - Chocolate 250 Ml,http://dummyimage.com/188x100.png/ff4444/ffffff,76,9
9,Cheese - Perron Cheddar,http://dummyimage.com/183x100.png/dddddd/000000,86,11
10,Laundry - Bag Cloth,http://dummyimage.com/101x100.png/5fa2dd/ffffff,13,8
11,"Spoon - Soup, Plastic",http://dummyimage.com/132x100.png/5fa2dd/ffffff,40,6
12,Cheese - Pont Couvert,http://dummyimage.com/115x100.png/dddddd/000000,39,4
13,Sprouts - Alfalfa,http://dummyimage.com/215x100.png/cc0000/ffffff,11,6
14,Wine - Cotes Du Rhone Parallele,http://dummyimage.com/225x100.png/ff4444/ffffff,38,10
15,"Star Anise, Whole",http://dummyimage.com/115x100.png/ff4444/ffffff,89,5
16,Sardines,http://dummyimage.com/131x100.png/dddddd/000000,82,9
17,Chinese Foods - Thick Noodles,http://dummyimage.com/215x100.png/ff4444/ffffff,78,8
18,"Lid - 10,12,16 Oz",http://dummyimage.com/191x100.png/ff4444/ffffff,73,9
19,Cheese - Goat,http://dummyimage.com/180x100.png/5fa2dd/ffffff,86,5
20,"Olives - Green, Pitted",http://dummyimage.com/182x100.png/ff4444/ffffff,67,5
21,"Bread - White, Sliced",http://dummyimage.com/206x100.png/ff4444/ffffff,12,11
22,Kirsch - Schloss,http://dummyimage.com/199x100.png/dddddd/000000,64,3
23,"Cheese - Cheddar, Old White",http://dummyimage.com/159x100.png/ff4444/ffffff,76,8
24,"Soup - Campbells, Creamy",http://dummyimage.com/111x100.png/5fa2dd/ffffff,17,8
25,Pimento - Canned,http://dummyimage.com/165x100.png/dddddd/000000,12,5
26,Mushroom - King Eryingii,http://dummyimage.com/153x100.png/5fa2dd/ffffff,28,5
27,Wine - Fat Bastard Merlot,http://dummyimage.com/105x100.png/cc0000/ffffff,14,8
28,Soup Campbells Turkey Veg.,http://dummyimage.com/161x100.png/5fa2dd/ffffff,30,4
29,"Squash - Pattypan, Yellow",http://dummyimage.com/234x100.png/dddddd/000000,45,7
30,Jolt Cola - Red Eye,http://dummyimage.com/126x100.png/5fa2dd/ffffff,53,5
31,Grapes - Green,http://dummyimage.com/110x100.png/ff4444/ffffff,90,8
32,Muffin - Mix - Mango Sour Cherry,http://dummyimage.com/211x100.png/cc0000/ffffff,46,5
33,Garlic Powder,http://dummyimage.com/234x100.png/cc0000/ffffff,21,11
34,Table Cloth - 53x69 Colour,http://dummyimage.com/186x100.png/cc0000/ffffff,89,3
35,Yokaline,http://dummyimage.com/185x100.png/dddddd/000000,40,11
36,Wine - Chateau Bonnet,http://dummyimage.com/100x100.png/dddddd/000000,54,4
37,Graham Cracker Mix,http://dummyimage.com/104x100.png/cc0000/ffffff,53,10
38,Wine - Rosso Toscano Igt,http://dummyimage.com/190x100.png/ff4444/ffffff,51,11
39,"Nut - Almond, Blanched, Sliced",http://dummyimage.com/106x100.png/5fa2dd/ffffff,70,12
40,"Iced Tea - Lemon, 460 Ml",http://dummyimage.com/206x100.png/cc0000/ffffff,45,5
41,Soup Bowl Clear 8oz92008,http://dummyimage.com/125x100.png/cc0000/ffffff,41,6
42,Muffin Batt - Choc Chk,http://dummyimage.com/128x100.png/dddddd/000000,90,8
43,Tamarillo,http://dummyimage.com/211x100.png/ff4444/ffffff,53,5
44,Onions Granulated,http://dummyimage.com/134x100.png/dddddd/000000,74,4
45,Silicone Parch. 16.3x24.3,http://dummyimage.com/218x100.png/5fa2dd/ffffff,79,10
46,"Wine - White, Ej Gallo",http://dummyimage.com/107x100.png/dddddd/000000,83,6
47,Flower - Daisies,http://dummyimage.com/119x100.png/ff4444/ffffff,21,4
48,Pepper - Scotch Bonnet,http://dummyimage.com/176x100.png/dddddd/000000,34,3
49,"Wine - Red, Wolf Blass, Yellow",http://dummyimage.com/204x100.png/dddddd/000000,74,11
50,"Soup - Campbells, Spinach Crm",http://dummyimage.com/185x100.png/ff4444/ffffff,78,12
51,Garam Masala Powder,http://dummyimage.com/100x100.png/dddddd/000000,59,3
52,Olives - Nicoise,http://dummyimage.com/171x100.png/5fa2dd/ffffff,86,5
53,Carbonated Water - Orange,http://dummyimage.com/120x100.png/dddddd/000000,62,3
54,Soup - Chicken And Wild Rice,http://dummyimage.com/131x100.png/5fa2dd/ffffff,72,12
55,Compound - Passion Fruit,http://dummyimage.com/194x100.png/cc0000/ffffff,90,5
56,Chinese Foods - Chicken,http://dummyimage.com/122x100.png/cc0000/ffffff,15,12
57,"Chilli Paste, Sambal Oelek",http://dummyimage.com/221x100.png/5fa2dd/ffffff,43,12
58,"Cheese - Brie, Triple Creme",http://dummyimage.com/212x100.png/ff4444/ffffff,86,4
59,Papadam,http://dummyimage.com/230x100.png/ff4444/ffffff,23,6
60,"Wine - Red, Cooking",http://dummyimage.com/226x100.png/ff4444/ffffff,54,9
61,"Pepper - Green, Chili",http://dummyimage.com/154x100.png/cc0000/ffffff,38,7
62,"Sauce - Black Current, Dry Mix",http://dummyimage.com/178x100.png/dddddd/000000,11,7
63,"Flour - Buckwheat, Dark",http://dummyimage.com/215x100.png/dddddd/000000,29,6
64,Bar Mix - Lime,http://dummyimage.com/151x100.png/dddddd/000000,22,4
65,Curry Paste - Madras,http://dummyimage.com/183x100.png/cc0000/ffffff,82,7
66,Bread - Flat Bread,http://dummyimage.com/132x100.png/ff4444/ffffff,45,10
67,Miso Paste White,http://dummyimage.com/158x100.png/5fa2dd/ffffff,29,6
68,"Bread - Bagels, Mini",http://dummyimage.com/162x100.png/5fa2dd/ffffff,10,5
69,Sauce - Sesame Thai Dressing,http://dummyimage.com/166x100.png/5fa2dd/ffffff,73,6
70,Fudge - Chocolate Fudge,http://dummyimage.com/248x100.png/ff4444/ffffff,27,5
71,Rootbeer,http://dummyimage.com/215x100.png/ff4444/ffffff,46,11
72,Greens Mustard,http://dummyimage.com/120x100.png/cc0000/ffffff,36,11
73,Creme De Menth - White,http://dummyimage.com/158x100.png/dddddd/000000,87,5
74,Versatainer Nc - 888,http://dummyimage.com/168x100.png/ff4444/ffffff,59,5
75,Bay Leaf Ground,http://dummyimage.com/149x100.png/cc0000/ffffff,63,7
76,Grouper - Fresh,http://dummyimage.com/115x100.png/cc0000/ffffff,47,5
77,Bok Choy - Baby,http://dummyimage.com/209x100.png/cc0000/ffffff,61,12
78,Wine - Merlot Vina Carmen,http://dummyimage.com/247x100.png/5fa2dd/ffffff,24,7
79,Tequila - Sauza Silver,http://dummyimage.com/238x100.png/cc0000/ffffff,17,3
80,Crab - Soft Shell,http://dummyimage.com/195x100.png/cc0000/ffffff,20,8
81,"Butter - Salted, Micro",http://dummyimage.com/171x100.png/ff4444/ffffff,81,7
82,Bar Special K,http://dummyimage.com/145x100.png/ff4444/ffffff,85,4
83,Sauce - Chili,http://dummyimage.com/133x100.png/ff4444/ffffff,16,12
84,"Flour - Corn, Fine",http://dummyimage.com/250x100.png/5fa2dd/ffffff,76,9
85,Cheese - Bocconcini,http://dummyimage.com/125x100.png/ff4444/ffffff,79,11
86,Napkin White,http://dummyimage.com/199x100.png/5fa2dd/ffffff,59,6
87,Chutney Sauce - Mango,http://dummyimage.com/235x100.png/5fa2dd/ffffff,12,7
88,Mushroom - Morel Frozen,http://dummyimage.com/199x100.png/cc0000/ffffff,22,5
89,Buffalo - Striploin,http://dummyimage.com/205x100.png/cc0000/ffffff,55,3
90,Longos - Chicken Curried,http://dummyimage.com/137x100.png/dddddd/000000,58,5
91,Clam Nectar,http://dummyimage.com/246x100.png/5fa2dd/ffffff,47,5
92,Ecolab Crystal Fusion,http://dummyimage.com/113x100.png/dddddd/000000,24,9
93,Ice Cream - Super Sandwich,http://dummyimage.com/235x100.png/ff4444/ffffff,65,10
94,Grouper - Fresh,http://dummyimage.com/124x100.png/5fa2dd/ffffff,71,11
95,Pepper - Green Thai,http://dummyimage.com/205x100.png/5fa2dd/ffffff,31,3
96,Leeks - Large,http://dummyimage.com/235x100.png/ff4444/ffffff,71,6
97,Honey - Lavender,http://dummyimage.com/134x100.png/5fa2dd/ffffff,25,5
98,Ecolab - Power Fusion,http://dummyimage.com/133x100.png/ff4444/ffffff,27,4
99,Swordfish Loin Portions,http://dummyimage.com/137x100.png/dddddd/000000,79,9
100,Food Colouring - Red,http://dummyimage.com/116x100.png/ff4444/ffffff,62,8
101,Bar Mix - Lemon,http://dummyimage.com/104x100.png/5fa2dd/ffffff,74,11
102,"Chicken - Base, Ultimate",http://dummyimage.com/108x100.png/ff4444/ffffff,34,4
103,Towel Multifold,http://dummyimage.com/201x100.png/dddddd/000000,70,6
104,Cake - Pancake,http://dummyimage.com/212x100.png/5fa2dd/ffffff,9,3
105,Lamb Tenderloin Nz Fr,http://dummyimage.com/201x100.png/dddddd/000000,29,5
106,Hot Choc Vending,http://dummyimage.com/102x100.png/cc0000/ffffff,32,8
107,Dried Cherries,http://dummyimage.com/117x100.png/ff4444/ffffff,21,12
108,"Oranges - Navel, 72",http://dummyimage.com/104x100.png/5fa2dd/ffffff,71,11
109,Meldea Green Tea Liquor,http://dummyimage.com/229x100.png/dddddd/000000,11,6
110,Cheese - Cottage Cheese,http://dummyimage.com/193x100.png/ff4444/ffffff,44,6
111,Kellogs Special K Cereal,http://dummyimage.com/196x100.png/5fa2dd/ffffff,57,9
112,Bread Base - Toscano,http://dummyimage.com/162x100.png/dddddd/000000,19,9
113,Island Oasis - Pina Colada,http://dummyimage.com/203x100.png/cc0000/ffffff,40,11
114,Garlic Powder,http://dummyimage.com/198x100.png/cc0000/ffffff,50,6
115,Bagelers - Cinn / Brown Sugar,http://dummyimage.com/114x100.png/dddddd/000000,79,8
116,Longos - Penne With Pesto,http://dummyimage.com/221x100.png/ff4444/ffffff,37,5
117,Sprouts - Pea,http://dummyimage.com/220x100.png/ff4444/ffffff,89,11
118,Chocolate - Dark,http://dummyimage.com/205x100.png/ff4444/ffffff,43,9
119,Cakes Assorted,http://dummyimage.com/218x100.png/ff4444/ffffff,88,10
120,Papayas,http://dummyimage.com/229x100.png/ff4444/ffffff,81,11
121,Water - Spring Water 500ml,http://dummyimage.com/187x100.png/ff4444/ffffff,33,12
122,Carbonated Water - Orange,http://dummyimage.com/247x100.png/ff4444/ffffff,55,7
123,Ice Cream - Turtles Stick Bar,http://dummyimage.com/134x100.png/dddddd/000000,16,12
124,Corn Meal,http://dummyimage.com/112x100.png/5fa2dd/ffffff,82,3
125,"Asparagus - White, Fresh",http://dummyimage.com/118x100.png/cc0000/ffffff,85,8
126,Cake Slab,http://dummyimage.com/177x100.png/cc0000/ffffff,34,11
127,Beets - Pickled,http://dummyimage.com/193x100.png/ff4444/ffffff,15,3
128,Pasta - Orecchiette,http://dummyimage.com/229x100.png/5fa2dd/ffffff,34,9
129,"Pepper - Chillies, Crushed",http://dummyimage.com/127x100.png/5fa2dd/ffffff,25,3
130,Puree - Raspberry,http://dummyimage.com/166x100.png/cc0000/ffffff,74,9
131,Crackers - Water,http://dummyimage.com/159x100.png/ff4444/ffffff,38,8
132,Cheese - Pied De Vents,http://dummyimage.com/119x100.png/dddddd/000000,88,4
133,Pepperoni Slices,http://dummyimage.com/165x100.png/ff4444/ffffff,45,10
134,Tomatoes - Yellow Hot House,http://dummyimage.com/129x100.png/ff4444/ffffff,41,5
135,Syrup - Monin - Blue Curacao,http://dummyimage.com/158x100.png/dddddd/000000,23,10
136,Sausage - Meat,http://dummyimage.com/175x100.png/ff4444/ffffff,64,11
137,"Coffee - Beans, Whole",http://dummyimage.com/220x100.png/ff4444/ffffff,30,5
138,Oysters - Smoked,http://dummyimage.com/171x100.png/cc0000/ffffff,84,6
139,Versatainer Nc - 9388,http://dummyimage.com/250x100.png/ff4444/ffffff,29,8
140,"Pasta - Lasagna Noodle, Frozen",http://dummyimage.com/162x100.png/5fa2dd/ffffff,68,10
141,Kirsch - Schloss,http://dummyimage.com/238x100.png/dddddd/000000,50,10
142,"Pasta - Shells, Medium, Dry",http://dummyimage.com/190x100.png/cc0000/ffffff,52,3
143,Chervil - Fresh,http://dummyimage.com/151x100.png/cc0000/ffffff,27,6
144,"Cherries - Maraschino,jar",http://dummyimage.com/114x100.png/dddddd/000000,89,11
145,Tea - Honey Green Tea,http://dummyimage.com/208x100.png/5fa2dd/ffffff,46,11
146,"Bread - Roll, Whole Wheat",http://dummyimage.com/121x100.png/dddddd/000000,75,8
147,Cheese - Bakers Cream Cheese,http://dummyimage.com/110x100.png/dddddd/000000,87,9
148,Pork Casing,http://dummyimage.com/102x100.png/ff4444/ffffff,30,12
149,Cinnamon Buns Sticky,http://dummyimage.com/190x100.png/cc0000/ffffff,27,6
150,"Crab - Blue, Frozen",http://dummyimage.com/166x100.png/cc0000/ffffff,21,7
151,Wine - Beringer Founders Estate,http://dummyimage.com/201x100.png/5fa2dd/ffffff,56,3
152,Almonds Ground Blanched,http://dummyimage.com/130x100.png/5fa2dd/ffffff,21,10
153,"Wine - Red, Black Opal Shiraz",http://dummyimage.com/106x100.png/5fa2dd/ffffff,62,10
154,Beer - Steamwhistle,http://dummyimage.com/118x100.png/cc0000/ffffff,11,11
155,Coffee - Frthy Coffee Crisp,http://dummyimage.com/227x100.png/ff4444/ffffff,35,10
156,Ham - Black Forest,http://dummyimage.com/125x100.png/5fa2dd/ffffff,62,6
157,Apple - Custard,http://dummyimage.com/180x100.png/5fa2dd/ffffff,44,11
158,Blueberries - Frozen,http://dummyimage.com/193x100.png/5fa2dd/ffffff,13,5
159,Veal - Sweetbread,http://dummyimage.com/107x100.png/dddddd/000000,59,6
160,Ecolab - Medallion,http://dummyimage.com/183x100.png/ff4444/ffffff,62,10
161,Duck - Breast,http://dummyimage.com/185x100.png/ff4444/ffffff,69,10
162,"Flour - Buckwheat, Dark",http://dummyimage.com/138x100.png/ff4444/ffffff,55,9
163,Ecolab - Hobart Washarm End Cap,http://dummyimage.com/209x100.png/dddddd/000000,87,6
164,"Chilli Paste, Ginger Garlic",http://dummyimage.com/204x100.png/cc0000/ffffff,17,12
165,Wine - Tribal Sauvignon,http://dummyimage.com/210x100.png/cc0000/ffffff,44,12
166,Greens Mustard,http://dummyimage.com/147x100.png/dddddd/000000,45,12
167,Liquid Aminios Acid - Braggs,http://dummyimage.com/139x100.png/dddddd/000000,32,5
168,Celery Root,http://dummyimage.com/139x100.png/cc0000/ffffff,40,10
169,Waffle Stix,http://dummyimage.com/159x100.png/dddddd/000000,60,7
170,Ice Cream - Fudge Bars,http://dummyimage.com/105x100.png/ff4444/ffffff,12,8
171,"Wine - White, Colubia Cresh",http://dummyimage.com/144x100.png/ff4444/ffffff,53,6
172,Soup - Campbells Chili Veg,http://dummyimage.com/129x100.png/5fa2dd/ffffff,43,10
173,Guava,http://dummyimage.com/127x100.png/ff4444/ffffff,60,6
174,Goldschalger,http://dummyimage.com/172x100.png/cc0000/ffffff,64,6
175,"Tortillas - Flour, 12",http://dummyimage.com/139x100.png/dddddd/000000,79,10
176,"Soup - Campbells, Butternut",http://dummyimage.com/218x100.png/5fa2dd/ffffff,42,4
177,Galliano,http://dummyimage.com/102x100.png/5fa2dd/ffffff,19,5
178,Chocolate Bar - Smarties,http://dummyimage.com/197x100.png/cc0000/ffffff,85,10
179,"Rum - Light, Captain Morgan",http://dummyimage.com/177x100.png/cc0000/ffffff,21,11
180,Eggplant - Baby,http://dummyimage.com/118x100.png/dddddd/000000,62,8
181,Gherkin,http://dummyimage.com/130x100.png/cc0000/ffffff,40,12
182,Beef - Tenderloin,http://dummyimage.com/242x100.png/5fa2dd/ffffff,79,11
183,"Beans - Kidney, Red Dry",http://dummyimage.com/130x100.png/5fa2dd/ffffff,27,9
184,Pork - Suckling Pig,http://dummyimage.com/199x100.png/ff4444/ffffff,43,11
185,Spice - Paprika,http://dummyimage.com/147x100.png/ff4444/ffffff,78,6
186,Wine - Duboeuf Beaujolais,http://dummyimage.com/242x100.png/ff4444/ffffff,25,5
187,Pie Shell - 9,http://dummyimage.com/169x100.png/5fa2dd/ffffff,86,12
188,Baking Soda,http://dummyimage.com/118x100.png/dddddd/000000,11,12
189,Veal - Sweetbread,http://dummyimage.com/136x100.png/cc0000/ffffff,66,12
190,Bread - Raisin Walnut Oval,http://dummyimage.com/155x100.png/5fa2dd/ffffff,77,8
191,Mousse - Mango,http://dummyimage.com/230x100.png/ff4444/ffffff,16,3
192,Sobe - Liz Blizz,http://dummyimage.com/147x100.png/dddddd/000000,58,11
193,"Mushroom - Shitake, Dry",http://dummyimage.com/113x100.png/5fa2dd/ffffff,80,3
194,Mint - Fresh,http://dummyimage.com/192x100.png/dddddd/000000,42,4
195,Beer - Blue Light,http://dummyimage.com/191x100.png/dddddd/000000,66,6
196,Monkfish - Fresh,http://dummyimage.com/157x100.png/5fa2dd/ffffff,55,11
197,Glucose,http://dummyimage.com/233x100.png/dddddd/000000,90,4
198,"Juice - Pineapple, 341 Ml",http://dummyimage.com/154x100.png/5fa2dd/ffffff,17,3
199,Eel - Smoked,http://dummyimage.com/202x100.png/cc0000/ffffff,25,8
200,Corn - On The Cob,http://dummyimage.com/119x100.png/cc0000/ffffff,42,7
201,Zucchini - Yellow,http://dummyimage.com/247x100.png/ff4444/ffffff,68,10
202,Wine - Valpolicella Masi,http://dummyimage.com/119x100.png/cc0000/ffffff,63,6
203,Soup - Campbells Chili Veg,http://dummyimage.com/123x100.png/ff4444/ffffff,65,3
204,Beef - Kobe Striploin,http://dummyimage.com/121x100.png/cc0000/ffffff,44,3
205,Fireball Whisky,http://dummyimage.com/246x100.png/cc0000/ffffff,59,10
206,Cookies - Assorted,http://dummyimage.com/109x100.png/ff4444/ffffff,51,6
207,Glove - Cutting,http://dummyimage.com/179x100.png/dddddd/000000,35,9
208,"Champagne - Brights, Dry",http://dummyimage.com/101x100.png/cc0000/ffffff,43,3
209,Yoghurt Tubes,http://dummyimage.com/100x100.png/5fa2dd/ffffff,59,3
210,"Coke - Diet, 355 Ml",http://dummyimage.com/166x100.png/ff4444/ffffff,24,7
211,Tomato - Peeled Italian Canned,http://dummyimage.com/191x100.png/5fa2dd/ffffff,83,5
212,Sultanas,http://dummyimage.com/152x100.png/dddddd/000000,88,4
213,"Beef - Bones, Cut - Up",http://dummyimage.com/187x100.png/cc0000/ffffff,61,10
214,Sansho Powder,http://dummyimage.com/172x100.png/cc0000/ffffff,55,7
215,Venison - Denver Leg Boneless,http://dummyimage.com/138x100.png/5fa2dd/ffffff,34,9
216,Beer - Rickards Red,http://dummyimage.com/212x100.png/5fa2dd/ffffff,14,4
217,Tumeric,http://dummyimage.com/169x100.png/dddddd/000000,70,9
218,Vinegar - Champagne,http://dummyimage.com/190x100.png/cc0000/ffffff,83,5
219,"Cheese - Cheddar, Medium",http://dummyimage.com/247x100.png/ff4444/ffffff,78,5
220,Wine - Chablis 2003 Champs,http://dummyimage.com/123x100.png/ff4444/ffffff,72,3
221,Mix Pina Colada,http://dummyimage.com/127x100.png/dddddd/000000,30,12
222,Saskatoon Berries - Frozen,http://dummyimage.com/104x100.png/dddddd/000000,19,4
223,Cheese - Swiss,http://dummyimage.com/152x100.png/ff4444/ffffff,22,11
224,Duck - Legs,http://dummyimage.com/196x100.png/ff4444/ffffff,18,9
225,Squeeze Bottle,http://dummyimage.com/224x100.png/5fa2dd/ffffff,59,9
226,"Sauce - Soya, Light",http://dummyimage.com/111x100.png/cc0000/ffffff,79,5
227,Foam Cup 6 Oz,http://dummyimage.com/155x100.png/dddddd/000000,55,3
228,"Pepper - Chipotle, Canned",http://dummyimage.com/118x100.png/dddddd/000000,52,8
229,Beer - Creemore,http://dummyimage.com/225x100.png/dddddd/000000,59,10
230,"Wine - Red, Marechal Foch",http://dummyimage.com/186x100.png/ff4444/ffffff,44,5
231,Brandy Cherry - Mcguinness,http://dummyimage.com/157x100.png/cc0000/ffffff,19,10
232,"Tomatoes - Diced, Canned",http://dummyimage.com/128x100.png/5fa2dd/ffffff,40,5
233,Lobster - Live,http://dummyimage.com/190x100.png/ff4444/ffffff,20,9
234,"Doilies - 7, Paper",http://dummyimage.com/104x100.png/5fa2dd/ffffff,13,3
235,Eggplant - Regular,http://dummyimage.com/190x100.png/ff4444/ffffff,41,12
236,Sausage - Meat,http://dummyimage.com/110x100.png/5fa2dd/ffffff,83,3
237,"Bar Mix - Pina Colada, 355 Ml",http://dummyimage.com/207x100.png/cc0000/ffffff,29,10
238,"Nut - Pecan, Halves",http://dummyimage.com/139x100.png/ff4444/ffffff,74,3
239,"Pasta - Lasagna Noodle, Frozen",http://dummyimage.com/209x100.png/dddddd/000000,18,5
240,"Pasta - Cappellini, Dry",http://dummyimage.com/145x100.png/dddddd/000000,26,8
241,"Apple - Delicious, Red",http://dummyimage.com/212x100.png/dddddd/000000,81,5
242,Pineapple - Regular,http://dummyimage.com/225x100.png/cc0000/ffffff,33,12
243,Buttons,http://dummyimage.com/167x100.png/5fa2dd/ffffff,16,6
244,Sugar - White Packet,http://dummyimage.com/191x100.png/ff4444/ffffff,83,10
245,"Pasta - Fett Alfredo, Single Serve",http://dummyimage.com/205x100.png/ff4444/ffffff,80,9
246,Gherkin - Sour,http://dummyimage.com/223x100.png/cc0000/ffffff,87,3
247,Nori Sea Weed - Gold Label,http://dummyimage.com/120x100.png/cc0000/ffffff,70,3
248,Blouse / Shirt / Sweater,http://dummyimage.com/144x100.png/5fa2dd/ffffff,16,12
249,Chef Hat 25cm,http://dummyimage.com/147x100.png/cc0000/ffffff,77,9
250,Soup Knorr Chili With Beans,http://dummyimage.com/134x100.png/5fa2dd/ffffff,29,4
251,"Ice - Clear, 300 Lb For Carving",http://dummyimage.com/248x100.png/ff4444/ffffff,56,9
252,"Nut - Walnut, Chopped",http://dummyimage.com/101x100.png/ff4444/ffffff,53,3
253,Puff Pastry - Sheets,http://dummyimage.com/146x100.png/5fa2dd/ffffff,63,8
254,Lamb Rack - Ontario,http://dummyimage.com/214x100.png/ff4444/ffffff,16,11
255,Pastry - Baked Cinnamon Stick,http://dummyimage.com/217x100.png/5fa2dd/ffffff,22,3
256,Pheasants - Whole,http://dummyimage.com/235x100.png/5fa2dd/ffffff,75,3
257,Banana - Green,http://dummyimage.com/127x100.png/ff4444/ffffff,72,3
258,Sea Bass - Fillets,http://dummyimage.com/213x100.png/dddddd/000000,55,8
259,Longos - Penne With Pesto,http://dummyimage.com/174x100.png/ff4444/ffffff,68,8
260,"Pork - Bacon, Sliced",http://dummyimage.com/178x100.png/5fa2dd/ffffff,85,3
261,Sour Puss - Tangerine,http://dummyimage.com/135x100.png/cc0000/ffffff,27,10
262,Table Cloth 53x69 White,http://dummyimage.com/241x100.png/cc0000/ffffff,26,4
263,Mousse - Passion Fruit,http://dummyimage.com/148x100.png/cc0000/ffffff,81,4
264,Banana - Leaves,http://dummyimage.com/145x100.png/5fa2dd/ffffff,37,8
265,Energy Drink - Redbull 355ml,http://dummyimage.com/145x100.png/5fa2dd/ffffff,15,7
266,Coriander - Seed,http://dummyimage.com/120x100.png/ff4444/ffffff,70,12
267,"Salsify, Organic",http://dummyimage.com/122x100.png/dddddd/000000,47,9
268,"Crab - Claws, Snow 16 - 24",http://dummyimage.com/203x100.png/ff4444/ffffff,38,6
269,Wine - Sicilia Igt Nero Avola,http://dummyimage.com/235x100.png/5fa2dd/ffffff,42,11
270,Tart - Butter Plain Squares,http://dummyimage.com/150x100.png/dddddd/000000,62,9
271,Fork - Plastic,http://dummyimage.com/178x100.png/dddddd/000000,76,3
272,Flour - Rye,http://dummyimage.com/108x100.png/cc0000/ffffff,19,12
273,Lettuce - Boston Bib,http://dummyimage.com/190x100.png/5fa2dd/ffffff,67,6
274,Amarula Cream,http://dummyimage.com/244x100.png/ff4444/ffffff,26,10
275,"Soup - Knorr, French Onion",http://dummyimage.com/187x100.png/ff4444/ffffff,61,10
276,Beer - Tetleys,http://dummyimage.com/229x100.png/ff4444/ffffff,64,7
277,Lighter - Bbq,http://dummyimage.com/157x100.png/5fa2dd/ffffff,56,7
278,Horseradish Root,http://dummyimage.com/244x100.png/cc0000/ffffff,63,4
279,Wheat - Soft Kernal Of Wheat,http://dummyimage.com/166x100.png/5fa2dd/ffffff,76,12
280,Crush - Cream Soda,http://dummyimage.com/143x100.png/dddddd/000000,39,9
281,"Bread - Roll, Soft White Round",http://dummyimage.com/130x100.png/cc0000/ffffff,31,3
282,Flour - All Purpose,http://dummyimage.com/112x100.png/dddddd/000000,31,11
283,Tea - Honey Green Tea,http://dummyimage.com/113x100.png/ff4444/ffffff,56,6
284,Blue Curacao - Marie Brizard,http://dummyimage.com/231x100.png/ff4444/ffffff,29,10
285,Cups 10oz Trans,http://dummyimage.com/161x100.png/5fa2dd/ffffff,23,9
286,Basil - Seedlings Cookstown,http://dummyimage.com/101x100.png/5fa2dd/ffffff,17,3
287,Remy Red Berry Infusion,http://dummyimage.com/211x100.png/cc0000/ffffff,12,5
288,Fenngreek Seed,http://dummyimage.com/177x100.png/cc0000/ffffff,40,9
289,Cookie - Dough Variety,http://dummyimage.com/117x100.png/dddddd/000000,70,4
290,Wine - Blue Nun Qualitatswein,http://dummyimage.com/191x100.png/5fa2dd/ffffff,26,9
291,Beans - Yellow,http://dummyimage.com/214x100.png/ff4444/ffffff,17,6
292,Eggwhite Frozen,http://dummyimage.com/248x100.png/5fa2dd/ffffff,67,7
293,Cranberries - Frozen,http://dummyimage.com/202x100.png/ff4444/ffffff,79,10
294,"Wine - White, Ej",http://dummyimage.com/118x100.png/dddddd/000000,31,9
295,Cabbage - Green,http://dummyimage.com/146x100.png/ff4444/ffffff,71,12
296,"Soup - Knorr, Ministrone",http://dummyimage.com/242x100.png/dddddd/000000,20,5
297,Calypso - Strawberry Lemonade,http://dummyimage.com/249x100.png/5fa2dd/ffffff,64,12
298,Soup - Campbells Beef Strogonoff,http://dummyimage.com/115x100.png/5fa2dd/ffffff,24,4
299,Jolt Cola - Red Eye,http://dummyimage.com/191x100.png/5fa2dd/ffffff,50,7
300,"Tart Shells - Sweet, 4",http://dummyimage.com/190x100.png/5fa2dd/ffffff,87,4
301,Rosemary - Fresh,http://dummyimage.com/162x100.png/5fa2dd/ffffff,81,7
302,Spice - Montreal Steak Spice,http://dummyimage.com/141x100.png/5fa2dd/ffffff,18,6
303,Cattail Hearts,http://dummyimage.com/128x100.png/5fa2dd/ffffff,15,7
304,"Pasta - Penne, Rigate, Dry",http://dummyimage.com/230x100.png/cc0000/ffffff,73,10
305,Kellogs All Bran Bars,http://dummyimage.com/143x100.png/dddddd/000000,17,11
306,Silicone Paper 16.5x24,http://dummyimage.com/183x100.png/cc0000/ffffff,55,3
307,Beef - Top Butt Aaa,http://dummyimage.com/182x100.png/cc0000/ffffff,72,8
308,Cornflakes,http://dummyimage.com/194x100.png/ff4444/ffffff,13,6
309,Compound - Pear,http://dummyimage.com/145x100.png/5fa2dd/ffffff,36,4
310,Gloves - Goldtouch Disposable,http://dummyimage.com/232x100.png/cc0000/ffffff,87,4
311,Cheese - Wine,http://dummyimage.com/109x100.png/cc0000/ffffff,25,8
312,Galliano,http://dummyimage.com/135x100.png/dddddd/000000,32,9
313,Bread - Bistro Sour,http://dummyimage.com/232x100.png/dddddd/000000,84,4
314,Walkers Special Old Whiskey,http://dummyimage.com/187x100.png/cc0000/ffffff,37,9
315,Sage - Fresh,http://dummyimage.com/205x100.png/cc0000/ffffff,14,11
316,Liqueur - Melon,http://dummyimage.com/130x100.png/5fa2dd/ffffff,60,7
317,Wine - Prosecco Valdobienne,http://dummyimage.com/228x100.png/dddddd/000000,75,3
318,Beef - Short Loin,http://dummyimage.com/171x100.png/5fa2dd/ffffff,30,4
319,"Clams - Littleneck, Whole",http://dummyimage.com/217x100.png/5fa2dd/ffffff,52,3
320,Mcguinness - Blue Curacao,http://dummyimage.com/162x100.png/5fa2dd/ffffff,23,9
321,Sugar - Fine,http://dummyimage.com/244x100.png/5fa2dd/ffffff,82,4
322,Bagel - Whole White Sesame,http://dummyimage.com/145x100.png/ff4444/ffffff,21,12
323,"Wine - Red, Gamay Noir",http://dummyimage.com/146x100.png/cc0000/ffffff,45,10
324,Macaroons - Two Bite Choc,http://dummyimage.com/215x100.png/dddddd/000000,33,5
325,"Marjoram - Dried, Rubbed",http://dummyimage.com/140x100.png/cc0000/ffffff,66,10
326,Chevere Logs,http://dummyimage.com/112x100.png/dddddd/000000,51,11
327,Coffee Decaf Colombian,http://dummyimage.com/130x100.png/ff4444/ffffff,38,12
328,Marjoram - Fresh,http://dummyimage.com/182x100.png/dddddd/000000,34,10
329,Alize Sunset,http://dummyimage.com/172x100.png/5fa2dd/ffffff,41,10
330,"Lamb - Leg, Boneless",http://dummyimage.com/232x100.png/dddddd/000000,70,6
331,Nantucket Apple Juice,http://dummyimage.com/169x100.png/ff4444/ffffff,87,12
332,Gingerale - Diet - Schweppes,http://dummyimage.com/144x100.png/5fa2dd/ffffff,19,12
333,Napkin White,http://dummyimage.com/213x100.png/ff4444/ffffff,77,3
334,"Veal - Insides, Grains",http://dummyimage.com/203x100.png/cc0000/ffffff,25,9
335,Wine - Vidal Icewine Magnotta,http://dummyimage.com/224x100.png/5fa2dd/ffffff,48,3
336,Curry Powder,http://dummyimage.com/181x100.png/cc0000/ffffff,76,6
337,Fond - Neutral,http://dummyimage.com/102x100.png/ff4444/ffffff,84,12
338,Sachet,http://dummyimage.com/163x100.png/5fa2dd/ffffff,54,6
339,Mahi Mahi,http://dummyimage.com/203x100.png/dddddd/000000,85,12
340,Pepper - Pablano,http://dummyimage.com/180x100.png/ff4444/ffffff,11,3
341,Sausage - Meat,http://dummyimage.com/200x100.png/cc0000/ffffff,52,10
342,Mix - Cocktail Strawberry Daiquiri,http://dummyimage.com/181x100.png/5fa2dd/ffffff,59,12
343,Butter - Unsalted,http://dummyimage.com/229x100.png/ff4444/ffffff,88,10
344,Sobe - Lizard Fuel,http://dummyimage.com/209x100.png/dddddd/000000,83,3
345,Wine - Sawmill Creek Autumn,http://dummyimage.com/226x100.png/ff4444/ffffff,51,3
346,"Arctic Char - Fresh, Whole",http://dummyimage.com/250x100.png/dddddd/000000,30,6
347,Wine - Alicanca Vinho Verde,http://dummyimage.com/178x100.png/5fa2dd/ffffff,33,6
348,Wine - Soave Folonari,http://dummyimage.com/144x100.png/dddddd/000000,82,10
349,Bar Nature Valley,http://dummyimage.com/111x100.png/ff4444/ffffff,47,6
350,Wine - Two Oceans Sauvignon,http://dummyimage.com/168x100.png/5fa2dd/ffffff,29,6
351,Mints - Striped Red,http://dummyimage.com/249x100.png/5fa2dd/ffffff,32,3
352,Pork - Bones,http://dummyimage.com/152x100.png/ff4444/ffffff,11,3
353,Bread - Granary Small Pull,http://dummyimage.com/230x100.png/ff4444/ffffff,79,11
354,Spaghetti Squash,http://dummyimage.com/188x100.png/dddddd/000000,12,9
355,Muffin Puck Ww Carrot,http://dummyimage.com/128x100.png/ff4444/ffffff,46,8
356,Truffle Shells - Semi - Sweet,http://dummyimage.com/158x100.png/5fa2dd/ffffff,34,6
357,"Bread - Dark Rye, Loaf",http://dummyimage.com/115x100.png/5fa2dd/ffffff,39,12
358,Icecream - Dstk Strw Chseck,http://dummyimage.com/105x100.png/ff4444/ffffff,77,7
359,Wine - Magnotta - Cab Franc,http://dummyimage.com/186x100.png/cc0000/ffffff,62,6
360,"Cheese - Cheddar, Medium",http://dummyimage.com/189x100.png/ff4444/ffffff,15,9
361,Cream Of Tartar,http://dummyimage.com/190x100.png/5fa2dd/ffffff,12,7
362,Flour - Bread,http://dummyimage.com/208x100.png/dddddd/000000,44,6
363,"Coconut - Shredded, Sweet",http://dummyimage.com/216x100.png/dddddd/000000,9,10
364,Soy Protein,http://dummyimage.com/178x100.png/cc0000/ffffff,46,12
365,Bread - French Stick,http://dummyimage.com/111x100.png/dddddd/000000,29,4
366,Oil - Canola,http://dummyimage.com/242x100.png/5fa2dd/ffffff,68,8
367,"Shrimp - 16 - 20 Cooked, Peeled",http://dummyimage.com/243x100.png/dddddd/000000,84,8
368,Squash - Pepper,http://dummyimage.com/114x100.png/5fa2dd/ffffff,66,7
369,Cookie Dough - Chocolate Chip,http://dummyimage.com/160x100.png/cc0000/ffffff,39,10
370,Rice - 7 Grain Blend,http://dummyimage.com/235x100.png/cc0000/ffffff,63,11
371,Kahlua,http://dummyimage.com/220x100.png/cc0000/ffffff,42,6
372,Pear - Packum,http://dummyimage.com/170x100.png/5fa2dd/ffffff,13,10
373,Alize Gold Passion,http://dummyimage.com/109x100.png/ff4444/ffffff,61,8
374,Muffin Mix - Banana Nut,http://dummyimage.com/225x100.png/ff4444/ffffff,21,10
375,Beer - Creemore,http://dummyimage.com/241x100.png/dddddd/000000,88,10
376,Kolrabi,http://dummyimage.com/242x100.png/5fa2dd/ffffff,55,9
377,Muffin Batt - Ban Dream Zero,http://dummyimage.com/232x100.png/dddddd/000000,27,10
378,Wine - Periguita Fonseca,http://dummyimage.com/168x100.png/ff4444/ffffff,80,12
379,Muffin Batt - Blueberry Passion,http://dummyimage.com/184x100.png/5fa2dd/ffffff,49,8
380,"Oranges - Navel, 72",http://dummyimage.com/217x100.png/dddddd/000000,76,8
381,"Liqueur Banana, Ramazzotti",http://dummyimage.com/148x100.png/dddddd/000000,41,4
382,"Nut - Chestnuts, Whole",http://dummyimage.com/192x100.png/5fa2dd/ffffff,68,9
383,Bar - Sweet And Salty Chocolate,http://dummyimage.com/105x100.png/cc0000/ffffff,79,10
384,"Juice - Tomato, 10 Oz",http://dummyimage.com/188x100.png/cc0000/ffffff,83,7
385,"Soup - Campbells, Spinach Crm",http://dummyimage.com/204x100.png/cc0000/ffffff,76,11
386,Cheese - Montery Jack,http://dummyimage.com/208x100.png/cc0000/ffffff,51,10
387,Petit Baguette,http://dummyimage.com/113x100.png/cc0000/ffffff,85,9
388,Caviar - Salmon,http://dummyimage.com/238x100.png/ff4444/ffffff,32,9
389,Pepsi - 600ml,http://dummyimage.com/163x100.png/ff4444/ffffff,69,11
390,Creme De Menthe Green,http://dummyimage.com/125x100.png/5fa2dd/ffffff,10,10
391,Wine - Cabernet Sauvignon,http://dummyimage.com/142x100.png/dddddd/000000,39,5
392,Pork - Backfat,http://dummyimage.com/234x100.png/dddddd/000000,59,7
393,Cookies Cereal Nut,http://dummyimage.com/110x100.png/ff4444/ffffff,33,10
394,Onions - Pearl,http://dummyimage.com/215x100.png/cc0000/ffffff,25,5
395,"Red Snapper - Fillet, Skin On",http://dummyimage.com/169x100.png/cc0000/ffffff,52,7
396,"Cookies - Oreo, 4 Pack",http://dummyimage.com/138x100.png/cc0000/ffffff,87,8
397,Beef - Salted,http://dummyimage.com/221x100.png/dddddd/000000,72,8
398,Beets - Mini Golden,http://dummyimage.com/250x100.png/5fa2dd/ffffff,76,5
399,Cheese - Montery Jack,http://dummyimage.com/168x100.png/dddddd/000000,11,6
400,Squid - Breaded,http://dummyimage.com/140x100.png/cc0000/ffffff,46,6
401,"Wine - White, Colubia Cresh",http://dummyimage.com/233x100.png/dddddd/000000,27,4
402,Coffee Beans - Chocolate,http://dummyimage.com/102x100.png/dddddd/000000,52,9
403,"Beef - Tongue, Cooked",http://dummyimage.com/101x100.png/5fa2dd/ffffff,49,6
404,Beets - Pickled,http://dummyimage.com/138x100.png/ff4444/ffffff,27,12
405,Sugar - Invert,http://dummyimage.com/135x100.png/cc0000/ffffff,43,8
406,"Napkin - Dinner, White",http://dummyimage.com/180x100.png/5fa2dd/ffffff,11,3
407,Pecan Raisin - Tarts,http://dummyimage.com/194x100.png/dddddd/000000,57,4
408,Pail With Metal Handle 16l White,http://dummyimage.com/141x100.png/ff4444/ffffff,19,8
409,Pastry - Plain Baked Croissant,http://dummyimage.com/125x100.png/ff4444/ffffff,34,11
410,Flower - Commercial Spider,http://dummyimage.com/158x100.png/cc0000/ffffff,87,9
411,Tomatoes Tear Drop,http://dummyimage.com/187x100.png/cc0000/ffffff,59,11
412,Currants,http://dummyimage.com/108x100.png/cc0000/ffffff,83,6
413,Shichimi Togarashi Peppeers,http://dummyimage.com/201x100.png/cc0000/ffffff,51,8
414,Milkettes - 2%,http://dummyimage.com/120x100.png/5fa2dd/ffffff,90,6
415,Shrimp - 31/40,http://dummyimage.com/121x100.png/dddddd/000000,71,6
416,Crush - Cream Soda,http://dummyimage.com/161x100.png/5fa2dd/ffffff,34,8
417,Soup - Campbells - Chicken Noodle,http://dummyimage.com/143x100.png/ff4444/ffffff,63,4
418,Wine - Duboeuf Beaujolais,http://dummyimage.com/186x100.png/5fa2dd/ffffff,90,9
419,Fish - Bones,http://dummyimage.com/148x100.png/ff4444/ffffff,71,7
420,"Pepper - Chipotle, Canned",http://dummyimage.com/241x100.png/ff4444/ffffff,28,10
421,"Beef - Ground, Extra Lean, Fresh",http://dummyimage.com/107x100.png/dddddd/000000,55,9
422,Wine - Ej Gallo Sonoma,http://dummyimage.com/232x100.png/5fa2dd/ffffff,68,9
423,Wine - Riesling Alsace Ac 2001,http://dummyimage.com/182x100.png/ff4444/ffffff,34,10
424,Jam - Raspberry,http://dummyimage.com/104x100.png/ff4444/ffffff,72,8
425,Vinegar - Balsamic,http://dummyimage.com/112x100.png/dddddd/000000,34,9
426,French Pastry - Mini Chocolate,http://dummyimage.com/114x100.png/5fa2dd/ffffff,74,11
427,"Bread - Bagels, Plain",http://dummyimage.com/188x100.png/ff4444/ffffff,53,3
428,"Mushroom - Oyster, Fresh",http://dummyimage.com/227x100.png/ff4444/ffffff,75,5
429,"Doilies - 12, Paper",http://dummyimage.com/208x100.png/cc0000/ffffff,11,10
430,Danishes - Mini Raspberry,http://dummyimage.com/232x100.png/ff4444/ffffff,60,4
431,Table Cloth 91x91 Colour,http://dummyimage.com/190x100.png/cc0000/ffffff,37,12
432,Ecolab - Balanced Fusion,http://dummyimage.com/244x100.png/5fa2dd/ffffff,10,12
433,Pork - Inside,http://dummyimage.com/114x100.png/dddddd/000000,49,10
434,Bread - White Epi Baguette,http://dummyimage.com/242x100.png/5fa2dd/ffffff,10,12
435,Bread - Focaccia Quarter,http://dummyimage.com/112x100.png/dddddd/000000,42,7
436,"Liners - Banana, Paper",http://dummyimage.com/162x100.png/dddddd/000000,80,10
437,Flour - Masa De Harina Mexican,http://dummyimage.com/172x100.png/5fa2dd/ffffff,14,9
438,Dish Towel,http://dummyimage.com/241x100.png/ff4444/ffffff,62,9
439,Pastrami,http://dummyimage.com/230x100.png/cc0000/ffffff,71,12
440,Tofu - Firm,http://dummyimage.com/134x100.png/5fa2dd/ffffff,21,6
441,Compound - Orange,http://dummyimage.com/183x100.png/ff4444/ffffff,24,8
442,Milk - Skim,http://dummyimage.com/163x100.png/dddddd/000000,77,9
443,Lotus Leaves,http://dummyimage.com/176x100.png/cc0000/ffffff,71,3
444,"Pasta - Detalini, White, Fresh",http://dummyimage.com/198x100.png/cc0000/ffffff,86,4
445,Apple - Fuji,http://dummyimage.com/188x100.png/dddddd/000000,15,4
446,Cleaner - Lime Away,http://dummyimage.com/219x100.png/dddddd/000000,39,7
447,Turkey Leg With Drum And Thigh,http://dummyimage.com/165x100.png/5fa2dd/ffffff,56,7
448,Juice - Orange 1.89l,http://dummyimage.com/210x100.png/5fa2dd/ffffff,45,5
449,Oil - Avocado,http://dummyimage.com/243x100.png/ff4444/ffffff,68,8
450,Marzipan 50/50,http://dummyimage.com/196x100.png/5fa2dd/ffffff,45,4
451,Flour - Strong Pizza,http://dummyimage.com/160x100.png/dddddd/000000,46,8
452,"Nut - Hazelnut, Whole",http://dummyimage.com/217x100.png/5fa2dd/ffffff,89,11
453,Table Cloth 144x90 White,http://dummyimage.com/188x100.png/5fa2dd/ffffff,54,4
454,Steampan - Foil,http://dummyimage.com/236x100.png/5fa2dd/ffffff,10,10
455,Cup - 4oz Translucent,http://dummyimage.com/244x100.png/dddddd/000000,65,7
456,Tea - Herbal Sweet Dreams,http://dummyimage.com/204x100.png/cc0000/ffffff,45,12
457,Lid Tray - 16in Dome,http://dummyimage.com/127x100.png/cc0000/ffffff,54,4
458,Sherry - Dry,http://dummyimage.com/242x100.png/5fa2dd/ffffff,37,7
459,Milk - 1%,http://dummyimage.com/235x100.png/dddddd/000000,61,7
460,Clam - Cherrystone,http://dummyimage.com/119x100.png/dddddd/000000,72,7
461,Wine - Peller Estates Late,http://dummyimage.com/155x100.png/dddddd/000000,21,10
462,Squid Ink,http://dummyimage.com/148x100.png/ff4444/ffffff,45,12
463,Tart - Lemon,http://dummyimage.com/133x100.png/5fa2dd/ffffff,52,9
464,Lamb - Whole Head Off,http://dummyimage.com/111x100.png/ff4444/ffffff,16,9
465,"Pork - Sausage, Medium",http://dummyimage.com/208x100.png/cc0000/ffffff,24,11
466,"Pepper - Chillies, Crushed",http://dummyimage.com/137x100.png/5fa2dd/ffffff,78,6
467,Juice - Happy Planet,http://dummyimage.com/228x100.png/cc0000/ffffff,90,11
468,Butcher Twine 4r,http://dummyimage.com/197x100.png/5fa2dd/ffffff,59,6
469,Appetizer - Shrimp Puff,http://dummyimage.com/241x100.png/5fa2dd/ffffff,74,9
470,Beans - Kidney White,http://dummyimage.com/172x100.png/dddddd/000000,71,6
471,Juice - Lime,http://dummyimage.com/171x100.png/ff4444/ffffff,58,5
472,Napkin Colour,http://dummyimage.com/112x100.png/cc0000/ffffff,69,9
473,Snapple - Mango Maddness,http://dummyimage.com/114x100.png/dddddd/000000,73,4
474,"Cheese - Havarti, Salsa",http://dummyimage.com/170x100.png/cc0000/ffffff,75,8
475,Compound - Passion Fruit,http://dummyimage.com/207x100.png/5fa2dd/ffffff,63,10
476,Magnotta Bel Paese Red,http://dummyimage.com/141x100.png/dddddd/000000,72,12
477,Parsley - Fresh,http://dummyimage.com/183x100.png/5fa2dd/ffffff,34,12
478,"Peas - Pigeon, Dry",http://dummyimage.com/104x100.png/cc0000/ffffff,40,12
479,Pop - Club Soda Can,http://dummyimage.com/145x100.png/cc0000/ffffff,9,8
480,Icecream - Dstk Strw Chseck,http://dummyimage.com/171x100.png/dddddd/000000,32,4
481,Chicken Breast Halal,http://dummyimage.com/232x100.png/dddddd/000000,29,9
482,Godiva White Chocolate,http://dummyimage.com/226x100.png/ff4444/ffffff,68,3
483,Sauce - Roasted Red Pepper,http://dummyimage.com/235x100.png/cc0000/ffffff,90,5
484,Beer - Muskoka Cream Ale,http://dummyimage.com/135x100.png/dddddd/000000,32,3
485,"Pasta - Penne, Rigate, Dry",http://dummyimage.com/249x100.png/5fa2dd/ffffff,56,10
486,Ostrich - Fan Fillet,http://dummyimage.com/144x100.png/dddddd/000000,36,12
487,"Napkin - Cocktail,beige 2 - Ply",http://dummyimage.com/203x100.png/ff4444/ffffff,15,11
488,Mushroom - King Eryingii,http://dummyimage.com/115x100.png/ff4444/ffffff,52,8
489,Tea - Lemon Green Tea,http://dummyimage.com/247x100.png/dddddd/000000,42,12
490,Oregano - Fresh,http://dummyimage.com/202x100.png/dddddd/000000,15,9
491,Straws - Cocktale,http://dummyimage.com/183x100.png/cc0000/ffffff,66,11
492,Blouse / Shirt / Sweater,http://dummyimage.com/112x100.png/ff4444/ffffff,19,10
493,Steampan - Foil,http://dummyimage.com/155x100.png/ff4444/ffffff,80,3
494,Pastry - Baked Scones - Mini,http://dummyimage.com/136x100.png/cc0000/ffffff,11,10
495,Juice - Apple Cider,http://dummyimage.com/230x100.png/dddddd/000000,72,12
496,Remy Red,http://dummyimage.com/171x100.png/dddddd/000000,70,4
497,Pan Grease,http://dummyimage.com/238x100.png/5fa2dd/ffffff,57,8
498,Langers - Mango Nectar,http://dummyimage.com/181x100.png/ff4444/ffffff,9,10
499,Berry Brulee,http://dummyimage.com/136x100.png/ff4444/ffffff,26,5
500,Kirsch - Schloss,http://dummyimage.com/235x100.png/ff4444/ffffff,43,7
501,Energy Drink - Redbull 355ml,http://dummyimage.com/137x100.png/dddddd/000000,30,3
502,Lettuce - Spring Mix,http://dummyimage.com/213x100.png/ff4444/ffffff,40,10
503,Tart - Lemon,http://dummyimage.com/227x100.png/ff4444/ffffff,82,7
504,Cheese - Brie,http://dummyimage.com/128x100.png/ff4444/ffffff,32,12
505,Creamers - 10%,http://dummyimage.com/203x100.png/ff4444/ffffff,61,6
506,Pork - Smoked Kassler,http://dummyimage.com/230x100.png/ff4444/ffffff,80,4
507,Wine - Magnotta - Bel Paese White,http://dummyimage.com/203x100.png/cc0000/ffffff,50,5
508,"Wine - Red, Cooking",http://dummyimage.com/178x100.png/ff4444/ffffff,76,12
509,Chervil - Fresh,http://dummyimage.com/214x100.png/cc0000/ffffff,56,5
510,Chocolate - Feathers,http://dummyimage.com/248x100.png/5fa2dd/ffffff,36,5
511,"Nut - Almond, Blanched, Sliced",http://dummyimage.com/136x100.png/dddddd/000000,70,11
512,Juice - Propel Sport,http://dummyimage.com/186x100.png/5fa2dd/ffffff,83,6
513,Shrimp - Tiger 21/25,http://dummyimage.com/127x100.png/cc0000/ffffff,57,6
514,Beef - Ground Medium,http://dummyimage.com/134x100.png/ff4444/ffffff,79,9
515,Red Currant Jelly,http://dummyimage.com/149x100.png/ff4444/ffffff,39,6
516,Beets - Golden,http://dummyimage.com/245x100.png/ff4444/ffffff,63,8
517,Ecolab - Solid Fusion,http://dummyimage.com/135x100.png/5fa2dd/ffffff,16,9
518,"Napkin - Dinner, White",http://dummyimage.com/200x100.png/dddddd/000000,32,6
519,Miso - Soy Bean Paste,http://dummyimage.com/218x100.png/5fa2dd/ffffff,40,11
520,Chocolate - Milk,http://dummyimage.com/160x100.png/cc0000/ffffff,82,10
521,"Syrup - Monin, Swiss Choclate",http://dummyimage.com/100x100.png/5fa2dd/ffffff,67,11
522,Beans - Butter Lrg Lima,http://dummyimage.com/151x100.png/cc0000/ffffff,86,5
523,Chickhen - Chicken Phyllo,http://dummyimage.com/160x100.png/cc0000/ffffff,86,11
524,Wine - Jackson Triggs Okonagan,http://dummyimage.com/195x100.png/5fa2dd/ffffff,33,11
525,Myers Planters Punch,http://dummyimage.com/208x100.png/5fa2dd/ffffff,71,11
526,"Wine - Bourgogne 2002, La",http://dummyimage.com/139x100.png/dddddd/000000,45,7
527,Chips Potato Reg 43g,http://dummyimage.com/145x100.png/dddddd/000000,14,3
528,Sausage - Meat,http://dummyimage.com/183x100.png/ff4444/ffffff,64,5
529,Cookies - Assorted,http://dummyimage.com/229x100.png/5fa2dd/ffffff,35,11
530,Carbonated Water - Blackberry,http://dummyimage.com/140x100.png/ff4444/ffffff,38,7
531,Wine - Ice Wine,http://dummyimage.com/195x100.png/ff4444/ffffff,76,9
532,Coffee Guatemala Dark,http://dummyimage.com/209x100.png/dddddd/000000,57,8
533,Chicken - Whole Roasting,http://dummyimage.com/244x100.png/ff4444/ffffff,36,11
534,Carrots - Mini Red Organic,http://dummyimage.com/161x100.png/5fa2dd/ffffff,75,8
535,Wine - Ice Wine,http://dummyimage.com/222x100.png/ff4444/ffffff,23,11
536,"Beef - Baby, Liver",http://dummyimage.com/142x100.png/5fa2dd/ffffff,71,7
537,Muffin - Carrot Individual Wrap,http://dummyimage.com/237x100.png/5fa2dd/ffffff,53,9
538,"Radish - Black, Winter, Organic",http://dummyimage.com/248x100.png/5fa2dd/ffffff,88,6
539,Bread - White Epi Baguette,http://dummyimage.com/248x100.png/ff4444/ffffff,70,9
540,Garbag Bags - Black,http://dummyimage.com/132x100.png/5fa2dd/ffffff,84,3
541,Oxtail - Cut,http://dummyimage.com/201x100.png/ff4444/ffffff,76,3
542,Tomato - Plum With Basil,http://dummyimage.com/162x100.png/ff4444/ffffff,33,10
543,Icecream Cone - Areo Chocolate,http://dummyimage.com/217x100.png/dddddd/000000,88,10
544,Grapes - Red,http://dummyimage.com/113x100.png/cc0000/ffffff,16,3
545,Bread - Rye,http://dummyimage.com/105x100.png/5fa2dd/ffffff,88,6
546,Sage - Fresh,http://dummyimage.com/235x100.png/cc0000/ffffff,26,3
547,"Nut - Peanut, Roasted",http://dummyimage.com/155x100.png/cc0000/ffffff,36,4
548,Sauce - Mint,http://dummyimage.com/134x100.png/5fa2dd/ffffff,63,4
549,"Veal - Round, Eye Of",http://dummyimage.com/142x100.png/5fa2dd/ffffff,75,9
550,"Oregano - Dry, Rubbed",http://dummyimage.com/169x100.png/dddddd/000000,37,5
551,Pail For Lid 1537,http://dummyimage.com/174x100.png/5fa2dd/ffffff,87,9
552,Cookies - Amaretto,http://dummyimage.com/217x100.png/5fa2dd/ffffff,24,5
553,Crawfish,http://dummyimage.com/160x100.png/ff4444/ffffff,66,10
554,"Napkin - Cocktail,beige 2 - Ply",http://dummyimage.com/247x100.png/ff4444/ffffff,66,7
555,"Juice - Apple, 500 Ml",http://dummyimage.com/108x100.png/ff4444/ffffff,47,11
556,Sage Derby,http://dummyimage.com/122x100.png/dddddd/000000,32,3
557,Container - Clear 16 Oz,http://dummyimage.com/133x100.png/cc0000/ffffff,22,6
558,"Wine - White, Colubia Cresh",http://dummyimage.com/216x100.png/cc0000/ffffff,51,12
559,"Water - Spring Water, 355 Ml",http://dummyimage.com/175x100.png/dddddd/000000,64,4
560,Steampan - Half Size Shallow,http://dummyimage.com/163x100.png/dddddd/000000,29,11
561,Ham - Black Forest,http://dummyimage.com/100x100.png/5fa2dd/ffffff,49,3
562,Mushroom - Portebello,http://dummyimage.com/141x100.png/cc0000/ffffff,61,5
563,Dates,http://dummyimage.com/188x100.png/cc0000/ffffff,34,8
564,Anchovy In Oil,http://dummyimage.com/138x100.png/5fa2dd/ffffff,31,6
565,Coffee - French Vanilla Frothy,http://dummyimage.com/141x100.png/cc0000/ffffff,61,7
566,"Bread - Crumbs, Bulk",http://dummyimage.com/238x100.png/dddddd/000000,49,11
567,"C - Plus, Orange",http://dummyimage.com/208x100.png/ff4444/ffffff,30,4
568,Sauce Bbq Smokey,http://dummyimage.com/213x100.png/ff4444/ffffff,39,8
569,Flour - All Purpose,http://dummyimage.com/148x100.png/5fa2dd/ffffff,33,4
570,Sprite - 355 Ml,http://dummyimage.com/167x100.png/dddddd/000000,77,10
571,Chocolate - Dark Callets,http://dummyimage.com/247x100.png/ff4444/ffffff,20,9
572,Chicken Breast Halal,http://dummyimage.com/209x100.png/cc0000/ffffff,47,7
573,Cardamon Ground,http://dummyimage.com/188x100.png/ff4444/ffffff,36,11
574,Vinegar - Rice,http://dummyimage.com/109x100.png/5fa2dd/ffffff,41,5
575,"Juice - Pineapple, 48 Oz",http://dummyimage.com/160x100.png/5fa2dd/ffffff,24,6
576,Wine - Lou Black Shiraz,http://dummyimage.com/190x100.png/5fa2dd/ffffff,54,7
577,Squid Ink,http://dummyimage.com/188x100.png/cc0000/ffffff,90,5
578,Latex Rubber Gloves Size 9,http://dummyimage.com/240x100.png/ff4444/ffffff,90,6
579,Wine - Coteaux Du Tricastin Ac,http://dummyimage.com/186x100.png/ff4444/ffffff,79,12
580,Danishes - Mini Raspberry,http://dummyimage.com/198x100.png/dddddd/000000,36,3
581,Liners - Baking Cups,http://dummyimage.com/169x100.png/dddddd/000000,88,11
582,Paper Towel Touchless,http://dummyimage.com/145x100.png/ff4444/ffffff,83,11
583,Veal - Kidney,http://dummyimage.com/143x100.png/cc0000/ffffff,22,11
584,Bulgar,http://dummyimage.com/102x100.png/ff4444/ffffff,56,11
585,"Oil - Shortening,liqud, Fry",http://dummyimage.com/188x100.png/cc0000/ffffff,20,3
586,Bay Leaf,http://dummyimage.com/204x100.png/cc0000/ffffff,48,11
587,Sauerkraut,http://dummyimage.com/101x100.png/cc0000/ffffff,33,12
588,Beef - Tenderloin,http://dummyimage.com/128x100.png/5fa2dd/ffffff,70,6
589,Tomatoes - Cherry,http://dummyimage.com/241x100.png/cc0000/ffffff,59,6
590,Southern Comfort,http://dummyimage.com/163x100.png/cc0000/ffffff,42,4
591,Syrup - Chocolate,http://dummyimage.com/209x100.png/ff4444/ffffff,69,6
592,Wine - Prosecco Valdobienne,http://dummyimage.com/125x100.png/cc0000/ffffff,41,5
593,"Bread - Bagels, Plain",http://dummyimage.com/157x100.png/ff4444/ffffff,44,4
594,Pastry - Cherry Danish - Mini,http://dummyimage.com/124x100.png/ff4444/ffffff,45,9
595,Oil - Macadamia,http://dummyimage.com/175x100.png/5fa2dd/ffffff,82,11
596,Cup - Paper 10oz 92959,http://dummyimage.com/111x100.png/dddddd/000000,51,5
597,"Nut - Pine Nuts, Whole",http://dummyimage.com/167x100.png/dddddd/000000,39,11
598,Wine - Spumante Bambino White,http://dummyimage.com/187x100.png/ff4444/ffffff,36,3
599,Puff Pastry - Slab,http://dummyimage.com/173x100.png/cc0000/ffffff,19,4
600,Beef - Top Sirloin,http://dummyimage.com/250x100.png/cc0000/ffffff,44,7
601,Bread - Italian Roll With Herbs,http://dummyimage.com/234x100.png/cc0000/ffffff,61,7
602,"Wine - White, Cooking",http://dummyimage.com/191x100.png/5fa2dd/ffffff,69,10
603,Soup - Campbells Chili Veg,http://dummyimage.com/177x100.png/5fa2dd/ffffff,18,11
604,Cream - 18%,http://dummyimage.com/218x100.png/cc0000/ffffff,63,12
605,"Shrimp - 16/20, Peeled Deviened",http://dummyimage.com/234x100.png/dddddd/000000,53,7
606,"Fish - Halibut, Cold Smoked",http://dummyimage.com/141x100.png/ff4444/ffffff,40,5
607,Magnotta Bel Paese Red,http://dummyimage.com/149x100.png/dddddd/000000,15,10
608,Pate - Cognac,http://dummyimage.com/154x100.png/cc0000/ffffff,65,11
609,Squash - Butternut,http://dummyimage.com/116x100.png/cc0000/ffffff,84,3
610,Wine - Semi Dry Riesling Vineland,http://dummyimage.com/130x100.png/5fa2dd/ffffff,67,7
611,Veal - Striploin,http://dummyimage.com/124x100.png/dddddd/000000,36,5
612,Lamb - Rack,http://dummyimage.com/114x100.png/ff4444/ffffff,22,9
613,"Beef - Kindney, Whole",http://dummyimage.com/234x100.png/cc0000/ffffff,75,5
614,Milk - Condensed,http://dummyimage.com/177x100.png/ff4444/ffffff,55,7
615,Calvados - Boulard,http://dummyimage.com/230x100.png/cc0000/ffffff,58,4
616,Yogurt - Plain,http://dummyimage.com/228x100.png/dddddd/000000,83,12
617,"Pork - Tenderloin, Frozen",http://dummyimage.com/227x100.png/ff4444/ffffff,20,12
618,Soup Campbells,http://dummyimage.com/180x100.png/5fa2dd/ffffff,81,12
619,Apricots - Dried,http://dummyimage.com/191x100.png/ff4444/ffffff,25,9
620,"Glass - Wine, Plastic, Clear 5 Oz",http://dummyimage.com/177x100.png/cc0000/ffffff,66,4
621,"Extract - Vanilla,artificial",http://dummyimage.com/208x100.png/cc0000/ffffff,85,4
622,Onions - Green,http://dummyimage.com/130x100.png/5fa2dd/ffffff,53,12
623,Vodka - Moskovskaya,http://dummyimage.com/144x100.png/dddddd/000000,82,11
624,Appetizer - Smoked Salmon / Dill,http://dummyimage.com/151x100.png/dddddd/000000,68,12
625,"Vodka - Lemon, Absolut",http://dummyimage.com/184x100.png/cc0000/ffffff,31,4
626,"Lemonade - Island Tea, 591 Ml",http://dummyimage.com/191x100.png/ff4444/ffffff,19,5
627,Gingerale - Diet - Schweppes,http://dummyimage.com/164x100.png/5fa2dd/ffffff,66,11
628,Syrup - Chocolate,http://dummyimage.com/250x100.png/ff4444/ffffff,23,3
629,Marzipan 50/50,http://dummyimage.com/180x100.png/ff4444/ffffff,21,3
630,"Lemonade - Black Cherry, 591 Ml",http://dummyimage.com/213x100.png/dddddd/000000,80,11
631,Versatainer Nc - 8288,http://dummyimage.com/181x100.png/dddddd/000000,16,10
632,"Cookies - Oreo, 4 Pack",http://dummyimage.com/167x100.png/cc0000/ffffff,49,6
633,Ecolab - Hobart Washarm End Cap,http://dummyimage.com/147x100.png/ff4444/ffffff,78,8
634,"Brandy - Orange, Mc Guiness",http://dummyimage.com/169x100.png/cc0000/ffffff,29,5
635,Basil - Thai,http://dummyimage.com/158x100.png/5fa2dd/ffffff,10,3
636,Tomato Paste,http://dummyimage.com/225x100.png/cc0000/ffffff,69,7
637,Truffle Cups Green,http://dummyimage.com/210x100.png/ff4444/ffffff,30,7
638,Chutney Sauce,http://dummyimage.com/175x100.png/ff4444/ffffff,11,6
639,Fib N9 - Prague Powder,http://dummyimage.com/128x100.png/ff4444/ffffff,85,3
640,Mussels - Frozen,http://dummyimage.com/146x100.png/5fa2dd/ffffff,67,8
641,Canada Dry,http://dummyimage.com/127x100.png/cc0000/ffffff,65,8
642,Pork - Back Ribs,http://dummyimage.com/187x100.png/dddddd/000000,64,6
643,Sauce - Fish 25 Ozf Bottle,http://dummyimage.com/175x100.png/ff4444/ffffff,19,11
644,"Soup - Beef, Base Mix",http://dummyimage.com/150x100.png/ff4444/ffffff,84,11
645,Chocolate - Feathers,http://dummyimage.com/226x100.png/cc0000/ffffff,63,6
646,"Chicken - Base, Ultimate",http://dummyimage.com/158x100.png/5fa2dd/ffffff,64,5
647,Syrup - Chocolate,http://dummyimage.com/153x100.png/ff4444/ffffff,46,6
648,Cake Sheet Combo Party Pack,http://dummyimage.com/139x100.png/ff4444/ffffff,9,5
649,Tea - Herbal I Love Lemon,http://dummyimage.com/132x100.png/5fa2dd/ffffff,46,6
650,Nutmeg - Ground,http://dummyimage.com/136x100.png/dddddd/000000,18,9
651,"Juice - Tomato, 48 Oz",http://dummyimage.com/147x100.png/cc0000/ffffff,12,12
652,"Crab - Dungeness, Whole, live",http://dummyimage.com/208x100.png/ff4444/ffffff,88,4
653,Nantucket - Orange Mango Cktl,http://dummyimage.com/113x100.png/ff4444/ffffff,45,12
654,Cookie Dough - Double,http://dummyimage.com/129x100.png/ff4444/ffffff,31,7
655,Dates,http://dummyimage.com/169x100.png/dddddd/000000,63,11
656,Butter Ripple - Phillips,http://dummyimage.com/159x100.png/dddddd/000000,42,7
657,Tomato Paste,http://dummyimage.com/210x100.png/dddddd/000000,59,11
658,Veal - Heart,http://dummyimage.com/114x100.png/cc0000/ffffff,86,4
659,"Soup - Campbells, Cream Of",http://dummyimage.com/250x100.png/dddddd/000000,81,5
660,Mussels - Frozen,http://dummyimage.com/130x100.png/dddddd/000000,18,6
661,Arrowroot,http://dummyimage.com/144x100.png/cc0000/ffffff,73,8
662,Relish,http://dummyimage.com/225x100.png/cc0000/ffffff,47,10
663,Lamb - Ground,http://dummyimage.com/128x100.png/dddddd/000000,10,5
664,Mace Ground,http://dummyimage.com/182x100.png/dddddd/000000,34,6
665,Potatoes - Parissienne,http://dummyimage.com/112x100.png/5fa2dd/ffffff,71,10
666,Chips Potato All Dressed - 43g,http://dummyimage.com/159x100.png/ff4444/ffffff,46,7
667,Meldea Green Tea Liquor,http://dummyimage.com/129x100.png/5fa2dd/ffffff,63,11
668,"Coconut - Shredded, Sweet",http://dummyimage.com/242x100.png/ff4444/ffffff,44,8
669,Cheese - Blue,http://dummyimage.com/140x100.png/dddddd/000000,20,8
670,Taro Leaves,http://dummyimage.com/246x100.png/5fa2dd/ffffff,86,7
671,Kellogs All Bran Bars,http://dummyimage.com/160x100.png/ff4444/ffffff,41,5
672,"Syrup - Monin, Amaretta",http://dummyimage.com/140x100.png/cc0000/ffffff,87,6
673,Bread - Rosemary Focaccia,http://dummyimage.com/174x100.png/5fa2dd/ffffff,70,12
674,Wine - Magnotta - Pinot Gris Sr,http://dummyimage.com/117x100.png/dddddd/000000,40,5
675,Tilapia - Fillets,http://dummyimage.com/145x100.png/5fa2dd/ffffff,80,9
676,Blueberries - Frozen,http://dummyimage.com/104x100.png/5fa2dd/ffffff,80,3
677,Flour - Bread,http://dummyimage.com/229x100.png/cc0000/ffffff,36,11
678,Waffle Stix,http://dummyimage.com/222x100.png/5fa2dd/ffffff,75,3
679,Scallop - St. Jaques,http://dummyimage.com/168x100.png/dddddd/000000,46,5
680,Miso Paste White,http://dummyimage.com/155x100.png/cc0000/ffffff,30,10
681,Wine - Prem Select Charddonany,http://dummyimage.com/152x100.png/5fa2dd/ffffff,24,7
682,Bread - Focaccia Quarter,http://dummyimage.com/122x100.png/dddddd/000000,54,5
683,Sausage - Meat,http://dummyimage.com/148x100.png/5fa2dd/ffffff,83,4
684,Lamb Tenderloin Nz Fr,http://dummyimage.com/233x100.png/ff4444/ffffff,50,8
685,"Mushroom - Enoki, Dry",http://dummyimage.com/239x100.png/ff4444/ffffff,73,12
686,Container Clear 8 Oz,http://dummyimage.com/191x100.png/dddddd/000000,51,7
687,Loquat,http://dummyimage.com/128x100.png/cc0000/ffffff,45,4
688,Pie Filling - Pumpkin,http://dummyimage.com/217x100.png/cc0000/ffffff,24,6
689,Wine - Beringer Founders Estate,http://dummyimage.com/117x100.png/cc0000/ffffff,48,11
690,"Cheese - Woolwich Goat, Log",http://dummyimage.com/179x100.png/ff4444/ffffff,40,5
691,Ice Cream - Chocolate,http://dummyimage.com/210x100.png/cc0000/ffffff,39,6
692,Venison - Racks Frenched,http://dummyimage.com/223x100.png/ff4444/ffffff,33,11
693,"Jam - Raspberry,jar",http://dummyimage.com/148x100.png/dddddd/000000,68,6
694,Wine - Chateau Bonnet,http://dummyimage.com/102x100.png/ff4444/ffffff,54,8
695,"Juice - Grapefruit, 341 Ml",http://dummyimage.com/216x100.png/dddddd/000000,84,7
696,Parsley - Fresh,http://dummyimage.com/139x100.png/cc0000/ffffff,80,11
697,Cheese - Feta,http://dummyimage.com/229x100.png/5fa2dd/ffffff,90,11
698,Table Cloth - 53x69 Colour,http://dummyimage.com/208x100.png/5fa2dd/ffffff,60,10
699,Basil - Seedlings Cookstown,http://dummyimage.com/236x100.png/ff4444/ffffff,34,7
700,"Bread - Bagels, Mini",http://dummyimage.com/159x100.png/cc0000/ffffff,14,12
701,Lamb - Ground,http://dummyimage.com/183x100.png/cc0000/ffffff,42,11
702,Wine - Ruffino Chianti,http://dummyimage.com/205x100.png/5fa2dd/ffffff,73,8
703,Sour Puss Sour Apple,http://dummyimage.com/212x100.png/dddddd/000000,15,11
704,"Lid - Translucent, 3.5 And 6 Oz",http://dummyimage.com/154x100.png/cc0000/ffffff,65,6
705,Tuna - Fresh,http://dummyimage.com/198x100.png/dddddd/000000,21,4
706,"Tortillas - Flour, 10",http://dummyimage.com/150x100.png/cc0000/ffffff,58,9
707,"Wine - White, Cooking",http://dummyimage.com/151x100.png/ff4444/ffffff,71,12
708,Mayonnaise,http://dummyimage.com/249x100.png/cc0000/ffffff,68,12
709,Icecream Bar - Del Monte,http://dummyimage.com/215x100.png/cc0000/ffffff,13,12
710,"Split Peas - Green, Dry",http://dummyimage.com/208x100.png/5fa2dd/ffffff,80,9
711,Muffin Batt - Choc Chk,http://dummyimage.com/136x100.png/ff4444/ffffff,36,8
712,Eggplant - Regular,http://dummyimage.com/229x100.png/ff4444/ffffff,68,4
713,Tomatoes - Orange,http://dummyimage.com/174x100.png/cc0000/ffffff,49,6
714,Glove - Cutting,http://dummyimage.com/205x100.png/dddddd/000000,61,5
715,Pork - Ground,http://dummyimage.com/248x100.png/5fa2dd/ffffff,54,5
716,"Soup - Campbells, Cream Of",http://dummyimage.com/171x100.png/5fa2dd/ffffff,87,8
717,Swiss Chard,http://dummyimage.com/205x100.png/5fa2dd/ffffff,85,5
718,Muffin Batt - Ban Dream Zero,http://dummyimage.com/145x100.png/ff4444/ffffff,85,3
719,Noodles - Steamed Chow Mein,http://dummyimage.com/150x100.png/dddddd/000000,54,4
720,Kellogs All Bran Bars,http://dummyimage.com/148x100.png/5fa2dd/ffffff,59,12
721,Dome Lid Clear P92008h,http://dummyimage.com/141x100.png/ff4444/ffffff,88,3
722,Foil Cont Round,http://dummyimage.com/163x100.png/cc0000/ffffff,23,11
723,Bread - Wheat Baguette,http://dummyimage.com/221x100.png/dddddd/000000,17,10
724,Crab - Meat,http://dummyimage.com/202x100.png/cc0000/ffffff,28,8
725,Wine - Sicilia Igt Nero Avola,http://dummyimage.com/244x100.png/dddddd/000000,65,8
726,Ginsing - Fresh,http://dummyimage.com/130x100.png/dddddd/000000,63,7
727,Carrots - Mini Red Organic,http://dummyimage.com/144x100.png/cc0000/ffffff,49,5
728,Beef - Tenderloin Tails,http://dummyimage.com/139x100.png/cc0000/ffffff,17,4
729,Sugar - Invert,http://dummyimage.com/215x100.png/dddddd/000000,11,9
730,Hinge W Undercut,http://dummyimage.com/164x100.png/dddddd/000000,43,4
731,Wasabi Powder,http://dummyimage.com/212x100.png/dddddd/000000,38,9
732,Banana Turning,http://dummyimage.com/163x100.png/dddddd/000000,88,12
733,Wine - Balbach Riverside,http://dummyimage.com/176x100.png/ff4444/ffffff,35,12
734,Sprouts - Brussel,http://dummyimage.com/105x100.png/cc0000/ffffff,49,7
735,"Yogurt - Banana, 175 Gr",http://dummyimage.com/210x100.png/cc0000/ffffff,38,4
736,Beets - Golden,http://dummyimage.com/201x100.png/ff4444/ffffff,25,8
737,Wine - Duboeuf Beaujolais,http://dummyimage.com/238x100.png/ff4444/ffffff,40,10
738,Wine - Sawmill Creek Autumn,http://dummyimage.com/188x100.png/cc0000/ffffff,19,3
739,Shichimi Togarashi Peppeers,http://dummyimage.com/237x100.png/5fa2dd/ffffff,81,12
740,"Soup - Knorr, Ministrone",http://dummyimage.com/173x100.png/5fa2dd/ffffff,70,5
741,Parsley - Fresh,http://dummyimage.com/219x100.png/dddddd/000000,73,7
742,Beer - Corona,http://dummyimage.com/101x100.png/dddddd/000000,69,10
743,Olives - Kalamata,http://dummyimage.com/193x100.png/dddddd/000000,37,3
744,"Doilies - 5, Paper",http://dummyimage.com/193x100.png/ff4444/ffffff,57,6
745,"Sauce - White, Mix",http://dummyimage.com/219x100.png/5fa2dd/ffffff,26,8
746,Muffin - Carrot Individual Wrap,http://dummyimage.com/166x100.png/dddddd/000000,40,11
747,"Pesto - Primerba, Paste",http://dummyimage.com/135x100.png/cc0000/ffffff,84,12
748,Milk - Condensed,http://dummyimage.com/165x100.png/dddddd/000000,72,8
749,Olives - Kalamata,http://dummyimage.com/211x100.png/5fa2dd/ffffff,67,6
750,Juice - Orange 1.89l,http://dummyimage.com/223x100.png/dddddd/000000,44,11
751,Crush - Cream Soda,http://dummyimage.com/115x100.png/cc0000/ffffff,33,11
752,"Ham - Smoked, Bone - In",http://dummyimage.com/165x100.png/dddddd/000000,21,6
753,Pails With Lids,http://dummyimage.com/162x100.png/cc0000/ffffff,80,7
754,"Loaf Pan - 2 Lb, Foil",http://dummyimage.com/241x100.png/dddddd/000000,50,9
755,"Lettuce - Romaine, Heart",http://dummyimage.com/123x100.png/cc0000/ffffff,87,7
756,Wine - Zinfandel California 2002,http://dummyimage.com/164x100.png/ff4444/ffffff,87,5
757,Ham - Cooked Italian,http://dummyimage.com/205x100.png/cc0000/ffffff,79,10
758,Langers - Ruby Red Grapfruit,http://dummyimage.com/191x100.png/ff4444/ffffff,14,5
759,Skirt - 29 Foot,http://dummyimage.com/217x100.png/dddddd/000000,71,8
760,Pork Loin Bine - In Frenched,http://dummyimage.com/208x100.png/ff4444/ffffff,12,4
761,External Supplier,http://dummyimage.com/212x100.png/ff4444/ffffff,36,9
762,Tamarind Paste,http://dummyimage.com/102x100.png/5fa2dd/ffffff,19,4
763,Cookies - Amaretto,http://dummyimage.com/160x100.png/5fa2dd/ffffff,33,11
764,Higashimaru Usukuchi Soy,http://dummyimage.com/137x100.png/dddddd/000000,20,8
765,Skewers - Bamboo,http://dummyimage.com/204x100.png/5fa2dd/ffffff,55,6
766,Pork - Belly Fresh,http://dummyimage.com/160x100.png/dddddd/000000,22,11
767,Pork - Caul Fat,http://dummyimage.com/241x100.png/5fa2dd/ffffff,42,11
768,Island Oasis - Lemonade,http://dummyimage.com/248x100.png/5fa2dd/ffffff,59,10
769,Squash - Sunburst,http://dummyimage.com/142x100.png/5fa2dd/ffffff,64,5
770,Wine - Rubyport,http://dummyimage.com/137x100.png/cc0000/ffffff,26,8
771,Orange Roughy 4/6 Oz,http://dummyimage.com/153x100.png/ff4444/ffffff,79,7
772,"Lamb - Loin, Trimmed, Boneless",http://dummyimage.com/132x100.png/dddddd/000000,9,9
773,Cheese - Augre Des Champs,http://dummyimage.com/195x100.png/5fa2dd/ffffff,75,11
774,Plastic Wrap,http://dummyimage.com/210x100.png/cc0000/ffffff,87,4
775,Ham - Black Forest,http://dummyimage.com/192x100.png/5fa2dd/ffffff,84,3
776,Beef Wellington,http://dummyimage.com/221x100.png/ff4444/ffffff,57,4
777,Currants,http://dummyimage.com/137x100.png/cc0000/ffffff,80,9
778,Jolt Cola - Red Eye,http://dummyimage.com/158x100.png/ff4444/ffffff,36,4
779,"Bread - White, Unsliced",http://dummyimage.com/102x100.png/ff4444/ffffff,52,10
780,Pastry - Cherry Danish - Mini,http://dummyimage.com/140x100.png/dddddd/000000,74,5
781,Spinach - Spinach Leaf,http://dummyimage.com/103x100.png/ff4444/ffffff,11,4
782,"Mushroom - Enoki, Fresh",http://dummyimage.com/233x100.png/dddddd/000000,48,5
783,Momiji Oroshi Chili Sauce,http://dummyimage.com/139x100.png/cc0000/ffffff,39,8
784,Veal - Sweetbread,http://dummyimage.com/135x100.png/5fa2dd/ffffff,11,11
785,Milk - 1%,http://dummyimage.com/218x100.png/cc0000/ffffff,42,7
786,Cake - Lemon Chiffon,http://dummyimage.com/175x100.png/ff4444/ffffff,71,5
787,Momiji Oroshi Chili Sauce,http://dummyimage.com/173x100.png/dddddd/000000,54,3
788,Squash - Butternut,http://dummyimage.com/200x100.png/cc0000/ffffff,41,4
789,Stainless Steel Cleaner Vision,http://dummyimage.com/107x100.png/dddddd/000000,48,12
790,Nutmeg - Ground,http://dummyimage.com/184x100.png/dddddd/000000,48,6
791,Tofu - Firm,http://dummyimage.com/114x100.png/ff4444/ffffff,18,8
792,Sesame Seed Black,http://dummyimage.com/189x100.png/5fa2dd/ffffff,13,5
793,Raspberries - Frozen,http://dummyimage.com/170x100.png/dddddd/000000,11,10
794,Butter - Pod,http://dummyimage.com/184x100.png/cc0000/ffffff,62,12
795,Bread - Focaccia Quarter,http://dummyimage.com/157x100.png/ff4444/ffffff,28,9
796,Yukon Jack,http://dummyimage.com/212x100.png/5fa2dd/ffffff,12,12
797,"Pasta - Cappellini, Dry",http://dummyimage.com/155x100.png/5fa2dd/ffffff,38,11
798,Pork - Hock And Feet Attached,http://dummyimage.com/147x100.png/5fa2dd/ffffff,15,10
799,Wine - Alicanca Vinho Verde,http://dummyimage.com/214x100.png/5fa2dd/ffffff,14,12
800,Cheese - Bocconcini,http://dummyimage.com/248x100.png/dddddd/000000,51,12
801,Nantuket Peach Orange,http://dummyimage.com/143x100.png/dddddd/000000,65,5
802,Chicken - Whole,http://dummyimage.com/188x100.png/dddddd/000000,85,6
803,Worcestershire Sauce,http://dummyimage.com/196x100.png/ff4444/ffffff,69,7
804,Chocolate - Chips Compound,http://dummyimage.com/197x100.png/cc0000/ffffff,25,11
805,Muffin Batt - Ban Dream Zero,http://dummyimage.com/213x100.png/ff4444/ffffff,53,5
806,"Vodka - Hot, Lnferno",http://dummyimage.com/222x100.png/cc0000/ffffff,81,3
807,"Doilies - 12, Paper",http://dummyimage.com/170x100.png/dddddd/000000,78,9
808,Ice Cream - Chocolate,http://dummyimage.com/130x100.png/ff4444/ffffff,51,8
809,"Chicken - Diced, Cooked",http://dummyimage.com/143x100.png/ff4444/ffffff,66,4
810,Peas - Frozen,http://dummyimage.com/115x100.png/ff4444/ffffff,39,3
811,Potatoes - Idaho 100 Count,http://dummyimage.com/163x100.png/ff4444/ffffff,48,3
812,Green Scrubbie Pad H.duty,http://dummyimage.com/108x100.png/dddddd/000000,89,8
813,Tea - Mint,http://dummyimage.com/190x100.png/ff4444/ffffff,70,5
814,Island Oasis - Ice Cream Mix,http://dummyimage.com/201x100.png/ff4444/ffffff,18,7
815,Cakes Assorted,http://dummyimage.com/153x100.png/5fa2dd/ffffff,21,6
816,Sorrel - Fresh,http://dummyimage.com/120x100.png/cc0000/ffffff,66,10
817,Plate Pie Foil,http://dummyimage.com/193x100.png/ff4444/ffffff,19,9
818,Pears - Bosc,http://dummyimage.com/183x100.png/5fa2dd/ffffff,69,9
819,Wine - Barbera Alba Doc 2001,http://dummyimage.com/116x100.png/dddddd/000000,23,9
820,Crab Brie In Phyllo,http://dummyimage.com/167x100.png/5fa2dd/ffffff,16,3
821,Pork - Kidney,http://dummyimage.com/211x100.png/cc0000/ffffff,51,5
822,Fork - Plastic,http://dummyimage.com/185x100.png/5fa2dd/ffffff,26,10
823,Shrimp - 31/40,http://dummyimage.com/230x100.png/ff4444/ffffff,56,7
824,Lamb - Sausage Casings,http://dummyimage.com/118x100.png/ff4444/ffffff,32,4
825,Foil Cont Round,http://dummyimage.com/188x100.png/cc0000/ffffff,63,8
826,Bag - Clear 7 Lb,http://dummyimage.com/246x100.png/dddddd/000000,74,7
827,Nut - Pumpkin Seeds,http://dummyimage.com/103x100.png/ff4444/ffffff,16,4
828,"Oregano - Dry, Rubbed",http://dummyimage.com/105x100.png/5fa2dd/ffffff,15,4
829,Onions Granulated,http://dummyimage.com/173x100.png/dddddd/000000,35,12
830,"Cheese - Brie, Triple Creme",http://dummyimage.com/191x100.png/5fa2dd/ffffff,87,12
831,Vaccum Bag 10x13,http://dummyimage.com/113x100.png/5fa2dd/ffffff,84,11
832,"Coke - Classic, 355 Ml",http://dummyimage.com/192x100.png/5fa2dd/ffffff,59,10
833,Sweet Pea Sprouts,http://dummyimage.com/166x100.png/dddddd/000000,16,7
834,Table Cloth 54x72 Colour,http://dummyimage.com/159x100.png/dddddd/000000,74,9
835,Lotus Leaves,http://dummyimage.com/153x100.png/5fa2dd/ffffff,50,10
836,Shortbread - Cookie Crumbs,http://dummyimage.com/148x100.png/ff4444/ffffff,66,12
837,Langers - Mango Nectar,http://dummyimage.com/109x100.png/cc0000/ffffff,68,9
838,V8 - Tropical Blend,http://dummyimage.com/214x100.png/ff4444/ffffff,90,10
839,Garam Masala Powder,http://dummyimage.com/204x100.png/5fa2dd/ffffff,64,5
840,Danishes - Mini Raspberry,http://dummyimage.com/153x100.png/cc0000/ffffff,35,5
841,Pastry - Lemon Danish - Mini,http://dummyimage.com/154x100.png/5fa2dd/ffffff,18,12
842,Muffin Carrot - Individual,http://dummyimage.com/167x100.png/ff4444/ffffff,13,12
843,Oil - Pumpkinseed,http://dummyimage.com/130x100.png/cc0000/ffffff,29,11
844,Tea - Decaf Lipton,http://dummyimage.com/225x100.png/ff4444/ffffff,88,7
845,Sea Bass - Fillets,http://dummyimage.com/227x100.png/ff4444/ffffff,81,10
846,Pate - Cognac,http://dummyimage.com/108x100.png/dddddd/000000,55,10
847,Pastry - Choclate Baked,http://dummyimage.com/158x100.png/ff4444/ffffff,65,7
848,Emulsifier,http://dummyimage.com/178x100.png/5fa2dd/ffffff,62,8
849,Wine - Puligny Montrachet A.,http://dummyimage.com/192x100.png/cc0000/ffffff,10,8
850,Turnip - Mini,http://dummyimage.com/181x100.png/cc0000/ffffff,90,7
851,Pear - Prickly,http://dummyimage.com/105x100.png/dddddd/000000,82,10
852,"Doilies - 10, Paper",http://dummyimage.com/199x100.png/ff4444/ffffff,31,11
853,Flower - Carnations,http://dummyimage.com/202x100.png/cc0000/ffffff,42,12
854,"Tuna - Canned, Flaked, Light",http://dummyimage.com/203x100.png/5fa2dd/ffffff,87,12
855,Beans - Fava Fresh,http://dummyimage.com/218x100.png/ff4444/ffffff,68,11
856,Chicken - Ground,http://dummyimage.com/124x100.png/cc0000/ffffff,25,3
857,Kellogs Special K Cereal,http://dummyimage.com/217x100.png/cc0000/ffffff,88,6
858,"Red Snapper - Fillet, Skin On",http://dummyimage.com/195x100.png/5fa2dd/ffffff,32,11
859,Puff Pastry - Slab,http://dummyimage.com/242x100.png/5fa2dd/ffffff,14,8
860,Beef - Top Butt Aaa,http://dummyimage.com/232x100.png/5fa2dd/ffffff,73,9
861,Longos - Lasagna Veg,http://dummyimage.com/118x100.png/ff4444/ffffff,33,10
862,Table Cloth 54x72 Colour,http://dummyimage.com/239x100.png/ff4444/ffffff,79,6
863,Spic And Span All Purpose,http://dummyimage.com/183x100.png/cc0000/ffffff,49,4
864,Fruit Mix - Light,http://dummyimage.com/131x100.png/dddddd/000000,80,4
865,"Wine - Red, Lurton Merlot De",http://dummyimage.com/235x100.png/5fa2dd/ffffff,66,4
866,Lettuce - Radicchio,http://dummyimage.com/172x100.png/5fa2dd/ffffff,79,4
867,"Beef - Bones, Marrow",http://dummyimage.com/213x100.png/cc0000/ffffff,71,9
868,Steampan - Half Size Shallow,http://dummyimage.com/245x100.png/cc0000/ffffff,63,6
869,"Wine - White, Mosel Gold",http://dummyimage.com/214x100.png/ff4444/ffffff,33,12
870,"Juice - Tomato, 10 Oz",http://dummyimage.com/156x100.png/cc0000/ffffff,28,3
871,Kale - Red,http://dummyimage.com/173x100.png/cc0000/ffffff,55,4
872,Onions - Pearl,http://dummyimage.com/177x100.png/cc0000/ffffff,71,5
873,Cheese - Cambozola,http://dummyimage.com/205x100.png/ff4444/ffffff,32,6
874,"Cheese - Brie,danish",http://dummyimage.com/136x100.png/5fa2dd/ffffff,83,3
875,Jam - Apricot,http://dummyimage.com/239x100.png/cc0000/ffffff,23,7
876,Lemonade - Pineapple Passion,http://dummyimage.com/214x100.png/ff4444/ffffff,52,10
877,Hinge W Undercut,http://dummyimage.com/105x100.png/cc0000/ffffff,51,3
878,Orange - Blood,http://dummyimage.com/111x100.png/cc0000/ffffff,90,3
879,"Yogurt - Cherry, 175 Gr",http://dummyimage.com/120x100.png/dddddd/000000,25,12
880,Pie Shells 10,http://dummyimage.com/187x100.png/5fa2dd/ffffff,48,9
881,Bread - Italian Roll With Herbs,http://dummyimage.com/160x100.png/dddddd/000000,29,5
882,Rice - Wild,http://dummyimage.com/195x100.png/ff4444/ffffff,69,3
883,"Juice - V8, Tomato",http://dummyimage.com/210x100.png/ff4444/ffffff,64,4
884,Wine - Casillero Del Diablo,http://dummyimage.com/208x100.png/ff4444/ffffff,80,6
885,Steam Pan - Half Size Deep,http://dummyimage.com/143x100.png/ff4444/ffffff,49,5
886,Wine - Montecillo Rioja Crianza,http://dummyimage.com/143x100.png/dddddd/000000,47,8
887,"Stock - Beef, Brown",http://dummyimage.com/244x100.png/ff4444/ffffff,52,8
888,Extract - Almond,http://dummyimage.com/159x100.png/cc0000/ffffff,68,6
889,Sugar - Splenda Sweetener,http://dummyimage.com/102x100.png/5fa2dd/ffffff,67,3
890,Seaweed Green Sheets,http://dummyimage.com/127x100.png/5fa2dd/ffffff,47,7
891,Muffin Mix - Blueberry,http://dummyimage.com/227x100.png/5fa2dd/ffffff,64,6
892,Cheese - Taleggio D.o.p.,http://dummyimage.com/200x100.png/dddddd/000000,83,8
893,Chips Potato Reg 43g,http://dummyimage.com/169x100.png/5fa2dd/ffffff,48,10
894,"Nut - Almond, Blanched, Ground",http://dummyimage.com/133x100.png/cc0000/ffffff,40,12
895,"Bread - Rolls, Rye",http://dummyimage.com/153x100.png/dddddd/000000,31,7
896,Yogurt - Plain,http://dummyimage.com/230x100.png/5fa2dd/ffffff,67,9
897,Calypso - Pineapple Passion,http://dummyimage.com/178x100.png/cc0000/ffffff,17,3
898,Tea - Herbal I Love Lemon,http://dummyimage.com/133x100.png/dddddd/000000,10,4
899,Wine - Montecillo Rioja Crianza,http://dummyimage.com/131x100.png/5fa2dd/ffffff,31,6
900,The Pop Shoppe - Root Beer,http://dummyimage.com/212x100.png/ff4444/ffffff,70,8
901,Tea - Earl Grey,http://dummyimage.com/211x100.png/cc0000/ffffff,20,12
902,Bay Leaf Fresh,http://dummyimage.com/201x100.png/ff4444/ffffff,84,11
903,"Cheese - Romano, Grated",http://dummyimage.com/172x100.png/dddddd/000000,85,10
904,Quiche Assorted,http://dummyimage.com/149x100.png/cc0000/ffffff,76,4
905,Trout Rainbow Whole,http://dummyimage.com/198x100.png/5fa2dd/ffffff,65,10
906,Bagelers,http://dummyimage.com/228x100.png/cc0000/ffffff,67,8
907,"Wine - White, French Cross",http://dummyimage.com/183x100.png/ff4444/ffffff,88,9
908,Bread - Focaccia Quarter,http://dummyimage.com/124x100.png/cc0000/ffffff,28,12
909,Sea Urchin,http://dummyimage.com/247x100.png/cc0000/ffffff,83,4
910,"Artichoke - Bottom, Canned",http://dummyimage.com/229x100.png/cc0000/ffffff,72,9
911,Broom And Brush Rack Black,http://dummyimage.com/119x100.png/ff4444/ffffff,89,6
912,Wiberg Cure,http://dummyimage.com/222x100.png/ff4444/ffffff,18,3
913,Fennel - Seeds,http://dummyimage.com/249x100.png/cc0000/ffffff,27,4
914,Seaweed Green Sheets,http://dummyimage.com/221x100.png/dddddd/000000,49,6
915,Mackerel Whole Fresh,http://dummyimage.com/189x100.png/ff4444/ffffff,41,12
916,Oyster - In Shell,http://dummyimage.com/157x100.png/5fa2dd/ffffff,24,10
917,Scrubbie - Scotchbrite Hand Pad,http://dummyimage.com/163x100.png/5fa2dd/ffffff,67,6
918,"Trout - Rainbow, Fresh",http://dummyimage.com/197x100.png/dddddd/000000,47,3
919,Pepper - Scotch Bonnet,http://dummyimage.com/156x100.png/5fa2dd/ffffff,15,9
920,Muffin Mix - Corn Harvest,http://dummyimage.com/182x100.png/dddddd/000000,74,7
921,Cookie Dough - Oatmeal Rasin,http://dummyimage.com/185x100.png/5fa2dd/ffffff,31,3
922,Fruit Mix - Light,http://dummyimage.com/216x100.png/dddddd/000000,52,3
923,"Mushroom - Enoki, Fresh",http://dummyimage.com/234x100.png/cc0000/ffffff,27,9
924,"Sugar - Sweet N Low, Individual",http://dummyimage.com/249x100.png/5fa2dd/ffffff,18,3
925,Lambcasing,http://dummyimage.com/138x100.png/cc0000/ffffff,19,11
926,"Dill - Primerba, Paste",http://dummyimage.com/126x100.png/5fa2dd/ffffff,68,7
927,Nantucket Cranberry Juice,http://dummyimage.com/137x100.png/cc0000/ffffff,67,11
928,Apricots Fresh,http://dummyimage.com/195x100.png/ff4444/ffffff,15,5
929,Wine - Magnotta - Pinot Gris Sr,http://dummyimage.com/104x100.png/ff4444/ffffff,17,12
930,Jameson Irish Whiskey,http://dummyimage.com/119x100.png/dddddd/000000,28,4
931,Onions Granulated,http://dummyimage.com/207x100.png/5fa2dd/ffffff,20,5
932,Sprouts - Alfalfa,http://dummyimage.com/183x100.png/5fa2dd/ffffff,13,12
933,Calypso - Black Cherry Lemonade,http://dummyimage.com/158x100.png/cc0000/ffffff,59,10
934,"Club Soda - Schweppes, 355 Ml",http://dummyimage.com/171x100.png/ff4444/ffffff,39,7
935,Wine - Chateauneuf Du Pape,http://dummyimage.com/120x100.png/cc0000/ffffff,59,9
936,Veal - Bones,http://dummyimage.com/226x100.png/5fa2dd/ffffff,39,5
937,Water - Green Tea Refresher,http://dummyimage.com/190x100.png/dddddd/000000,50,9
938,Tart - Raisin And Pecan,http://dummyimage.com/239x100.png/ff4444/ffffff,86,4
939,Squid - U 5,http://dummyimage.com/129x100.png/dddddd/000000,63,7
940,Capers - Pickled,http://dummyimage.com/243x100.png/dddddd/000000,55,9
941,Pork - Ham Hocks - Smoked,http://dummyimage.com/245x100.png/5fa2dd/ffffff,22,11
942,Lidsoupcont Rp12dn,http://dummyimage.com/148x100.png/5fa2dd/ffffff,51,10
943,Ecolab Digiclean Mild Fm,http://dummyimage.com/115x100.png/ff4444/ffffff,13,7
944,Peach - Fresh,http://dummyimage.com/156x100.png/ff4444/ffffff,26,4
945,"Soup - French Onion, Dry",http://dummyimage.com/162x100.png/dddddd/000000,29,12
946,"Jam - Marmalade, Orange",http://dummyimage.com/109x100.png/dddddd/000000,61,3
947,Latex Rubber Gloves Size 9,http://dummyimage.com/176x100.png/dddddd/000000,75,4
948,Puree - Strawberry,http://dummyimage.com/184x100.png/cc0000/ffffff,32,11
949,Sauce Tomato Pouch,http://dummyimage.com/101x100.png/dddddd/000000,25,9
950,"Gin - Gilbeys London, Dry",http://dummyimage.com/246x100.png/cc0000/ffffff,86,8
951,"Pepper - Chipotle, Canned",http://dummyimage.com/202x100.png/dddddd/000000,65,11
952,"Roe - Lump Fish, Red",http://dummyimage.com/119x100.png/5fa2dd/ffffff,72,7
953,Cleaner - Lime Away,http://dummyimage.com/175x100.png/ff4444/ffffff,69,4
954,Scrubbie - Scotchbrite Hand Pad,http://dummyimage.com/232x100.png/dddddd/000000,22,6
955,Truffle Cups Green,http://dummyimage.com/232x100.png/dddddd/000000,52,8
956,Glass Clear 7 Oz Xl,http://dummyimage.com/245x100.png/dddddd/000000,24,6
957,Soup - Cream Of Potato / Leek,http://dummyimage.com/219x100.png/5fa2dd/ffffff,65,3
958,Sprouts - China Rose,http://dummyimage.com/188x100.png/ff4444/ffffff,35,7
959,Straws - Cocktale,http://dummyimage.com/146x100.png/dddddd/000000,35,10
960,Smoked Paprika,http://dummyimage.com/121x100.png/5fa2dd/ffffff,20,10
961,Scotch - Queen Anne,http://dummyimage.com/120x100.png/ff4444/ffffff,47,4
962,Rambutan,http://dummyimage.com/194x100.png/cc0000/ffffff,10,6
963,Horseradish - Prepared,http://dummyimage.com/169x100.png/dddddd/000000,69,3
964,Cheese - Ermite Bleu,http://dummyimage.com/216x100.png/ff4444/ffffff,9,9
965,"Wine - Cahors Ac 2000, Clos",http://dummyimage.com/194x100.png/5fa2dd/ffffff,55,3
966,Lime Cordial - Roses,http://dummyimage.com/155x100.png/cc0000/ffffff,59,3
967,"Tart Shells - Sweet, 2",http://dummyimage.com/248x100.png/cc0000/ffffff,35,12
968,Pepper - Green,http://dummyimage.com/179x100.png/dddddd/000000,70,6
969,Leeks - Large,http://dummyimage.com/121x100.png/cc0000/ffffff,49,9
970,Cape Capensis - Fillet,http://dummyimage.com/232x100.png/ff4444/ffffff,58,8
971,Creme De Banane - Marie,http://dummyimage.com/218x100.png/cc0000/ffffff,57,6
972,"Wine - White, Lindemans Bin 95",http://dummyimage.com/115x100.png/ff4444/ffffff,17,7
973,Extract - Lemon,http://dummyimage.com/228x100.png/dddddd/000000,49,10
974,"Soup - Canadian Pea, Dry Mix",http://dummyimage.com/229x100.png/dddddd/000000,52,10
975,Tomatoes - Hot House,http://dummyimage.com/244x100.png/cc0000/ffffff,68,9
976,Momiji Oroshi Chili Sauce,http://dummyimage.com/225x100.png/dddddd/000000,52,9
977,Pails With Lids,http://dummyimage.com/189x100.png/cc0000/ffffff,58,3
978,Radish - Pickled,http://dummyimage.com/233x100.png/cc0000/ffffff,42,7
979,Pasta - Canelloni,http://dummyimage.com/230x100.png/ff4444/ffffff,48,4
980,Foie Gras,http://dummyimage.com/162x100.png/dddddd/000000,64,11
981,Icecream - Dstk Strw Chseck,http://dummyimage.com/110x100.png/ff4444/ffffff,25,4
982,Bacardi Limon,http://dummyimage.com/175x100.png/5fa2dd/ffffff,65,4
983,Sage - Ground,http://dummyimage.com/115x100.png/5fa2dd/ffffff,47,9
984,Chinese Foods - Chicken Wing,http://dummyimage.com/111x100.png/5fa2dd/ffffff,57,4
985,Juice - Lagoon Mango,http://dummyimage.com/209x100.png/cc0000/ffffff,31,4
986,Pear - Halves,http://dummyimage.com/241x100.png/ff4444/ffffff,43,6
987,Skirt - 29 Foot,http://dummyimage.com/234x100.png/dddddd/000000,82,8
988,Pepper - Pablano,http://dummyimage.com/109x100.png/dddddd/000000,38,3
989,"Crab - Claws, Snow 16 - 24",http://dummyimage.com/107x100.png/dddddd/000000,40,9
990,Muffin Batt - Carrot Spice,http://dummyimage.com/249x100.png/5fa2dd/ffffff,88,6
991,Veal - Bones,http://dummyimage.com/246x100.png/dddddd/000000,43,10
992,Yokaline,http://dummyimage.com/246x100.png/dddddd/000000,33,7
993,Curry Powder Madras,http://dummyimage.com/122x100.png/dddddd/000000,71,5
994,Bread - Focaccia Quarter,http://dummyimage.com/108x100.png/ff4444/ffffff,30,4
995,Table Cloth 54x54 White,http://dummyimage.com/204x100.png/5fa2dd/ffffff,25,9
996,Liqueur - Melon,http://dummyimage.com/238x100.png/dddddd/000000,67,4
997,"Beans - Turtle, Black, Dry",http://dummyimage.com/115x100.png/ff4444/ffffff,35,3
998,Cocktail Napkin Blue,http://dummyimage.com/230x100.png/dddddd/000000,76,6
999,Lettuce - Arugula,http://dummyimage.com/107x100.png/5fa2dd/ffffff,76,7
1000,Lettuce - Baby Salad Greens,http://dummyimage.com/217x100.png/ff4444/ffffff,51,10
